id,RegionID,SizeRank,RegionName,RegionType,StateName,BaseDate,2023-03-31,2023-05-31,2024-02-29,createdAt,updatedAt
1,102001,0,United States,country,,2023-02-28,0.3,0.3,1,2023-04-04,2023-04-04
2,394913,1,"New York, NY",msa,NY,2023-02-28,0.5,0.5,-0.8,2023-04-04,2023-04-04
3,753899,2,"Los Angeles, CA",msa,CA,2023-02-28,-1.2,-2.4,-2.2,2023-04-04,2023-04-04
4,394463,3,"Chicago, IL",msa,IL,2023-02-28,0.4,-0.1,-1.9,2023-04-04,2023-04-04
5,394514,4,"Dallas, TX",msa,TX,2023-02-28,-0.2,-0.4,-0.1,2023-04-04,2023-04-04
6,394692,5,"Houston, TX",msa,TX,2023-02-28,-0.1,-0.7,-1,2023-04-04,2023-04-04
7,395209,6,"Washington, DC",msa,VA,2023-02-28,0.1,-0.1,-1.8,2023-04-04,2023-04-04
8,394856,7,"Miami, FL",msa,FL,2023-02-28,0.2,0,1.7,2023-04-04,2023-04-04
9,394974,8,"Philadelphia, PA",msa,PA,2023-02-28,0.4,0.3,0,2023-04-04,2023-04-04
10,394347,9,"Atlanta, GA",msa,GA,2023-02-28,-0.1,-0.5,1.6,2023-04-04,2023-04-04
11,394976,10,"Phoenix, AZ",msa,AZ,2023-02-28,-0.4,-0.9,0.7,2023-04-04,2023-04-04
12,394404,11,"Boston, MA",msa,MA,2023-02-28,0.1,-0.1,-1.4,2023-04-04,2023-04-04
13,395057,12,"San Francisco, CA",msa,CA,2023-02-28,-0.2,-0.5,-2.7,2023-04-04,2023-04-04
14,395025,13,"Riverside, CA",msa,CA,2023-02-28,-0.6,-1.4,-1.2,2023-04-04,2023-04-04
15,394532,14,"Detroit, MI",msa,MI,2023-02-28,0.6,0.6,0.4,2023-04-04,2023-04-04
16,395078,15,"Seattle, WA",msa,WA,2023-02-28,0,-0.1,-0.9,2023-04-04,2023-04-04
17,394865,16,"Minneapolis, MN",msa,MN,2023-02-28,0.1,-0.3,-1.6,2023-04-04,2023-04-04
18,395056,17,"San Diego, CA",msa,CA,2023-02-28,-0.1,0.1,-0.2,2023-04-04,2023-04-04
19,395148,18,"Tampa, FL",msa,FL,2023-02-28,0,-0.3,2.3,2023-04-04,2023-04-04
20,394530,19,"Denver, CO",msa,CO,2023-02-28,-0.1,-0.5,-1.6,2023-04-04,2023-04-04
21,395121,20,"St. Louis, MO",msa,MO,2023-02-28,0.4,0.2,-0.4,2023-04-04,2023-04-04
22,394358,21,"Baltimore, MD",msa,MD,2023-02-28,0.6,0.3,-1.3,2023-04-04,2023-04-04
23,394458,22,"Charlotte, NC",msa,NC,2023-02-28,-0.1,-0.3,2,2023-04-04,2023-04-04
24,394943,23,"Orlando, FL",msa,FL,2023-02-28,-0.2,-0.7,0.6,2023-04-04,2023-04-04
25,395055,24,"San Antonio, TX",msa,TX,2023-02-28,0.1,-0.2,0.2,2023-04-04,2023-04-04
26,394998,25,"Portland, OR",msa,OR,2023-02-28,-0.1,-0.6,-2,2023-04-04,2023-04-04
27,395045,26,"Sacramento, CA",msa,CA,2023-02-28,-0.4,-1,-2.1,2023-04-04,2023-04-04
28,394775,27,"Las Vegas, NV",msa,NV,2023-02-28,-0.7,-1.7,-1.9,2023-04-04,2023-04-04
29,394982,28,"Pittsburgh, PA",msa,PA,2023-02-28,0.2,-0.3,-1.2,2023-04-04,2023-04-04
30,394355,29,"Austin, TX",msa,TX,2023-02-28,-0.6,-1.3,-0.6,2023-04-04,2023-04-04
31,394466,30,"Cincinnati, OH",msa,OH,2023-02-28,0.4,0.5,1.1,2023-04-04,2023-04-04
32,394735,31,"Kansas City, MO",msa,MO,2023-02-28,0.6,0.9,1.4,2023-04-04,2023-04-04
33,394492,32,"Columbus, OH",msa,OH,2023-02-28,0.4,0.8,1.9,2023-04-04,2023-04-04
34,394705,33,"Indianapolis, IN",msa,IN,2023-02-28,0.3,0.4,2.1,2023-04-04,2023-04-04
35,394475,34,"Cleveland, OH",msa,OH,2023-02-28,0.3,0.1,-0.1,2023-04-04,2023-04-04
36,395059,35,"San Jose, CA",msa,CA,2023-02-28,-1.6,-3.2,-3.6,2023-04-04,2023-04-04
37,394902,36,"Nashville, TN",msa,TN,2023-02-28,0,-0.1,1.6,2023-04-04,2023-04-04
38,395194,37,"Virginia Beach, VA",msa,VA,2023-02-28,0.2,-0.1,-1,2023-04-04,2023-04-04
39,395005,38,"Providence, RI",msa,RI,2023-02-28,0.3,0.1,0.1,2023-04-04,2023-04-04
40,394714,39,"Jacksonville, FL",msa,FL,2023-02-28,-0.2,-0.6,1.6,2023-04-04,2023-04-04
41,394862,40,"Milwaukee, WI",msa,WI,2023-02-28,0.7,0.6,-0.4,2023-04-04,2023-04-04
42,394935,41,"Oklahoma City, OK",msa,OK,2023-02-28,0,-0.3,-0.3,2023-04-04,2023-04-04
43,395012,42,"Raleigh, NC",msa,NC,2023-02-28,-0.1,-0.3,0.9,2023-04-04,2023-04-04
44,394849,43,"Memphis, TN",msa,TN,2023-02-28,0.3,0.4,2.4,2023-04-04,2023-04-04
45,395022,44,"Richmond, VA",msa,VA,2023-02-28,0.4,0.5,0.8,2023-04-04,2023-04-04
46,394910,45,"New Orleans, LA",msa,LA,2023-02-28,0.7,0.1,-2.1,2023-04-04,2023-04-04
47,394807,46,"Louisville, KY",msa,KY,2023-02-28,0.3,-0.1,-0.3,2023-04-04,2023-04-04
48,395053,47,"Salt Lake City, UT",msa,UT,2023-02-28,0.1,0,1.3,2023-04-04,2023-04-04
49,394669,48,"Hartford, CT",msa,CT,2023-02-28,0.3,0.2,-1.3,2023-04-04,2023-04-04
50,394425,49,"Buffalo, NY",msa,NY,2023-02-28,0.2,0.1,0.2,2023-04-04,2023-04-04
51,394388,50,"Birmingham, AL",msa,AL,2023-02-28,0.5,0.5,1.5,2023-04-04,2023-04-04
52,394640,51,"Grand Rapids, MI",msa,MI,2023-02-28,0.7,1.1,2,2023-04-04,2023-04-04
53,395031,52,"Rochester, NY",msa,NY,2023-02-28,0.2,0.2,0.2,2023-04-04,2023-04-04
54,395167,53,"Tucson, AZ",msa,AZ,2023-02-28,0,0.1,2.4,2023-04-04,2023-04-04
55,395169,54,"Tulsa, OK",msa,OK,2023-02-28,0.4,0.3,1.5,2023-04-04,2023-04-04
56,394619,55,"Fresno, CA",msa,CA,2023-02-28,-0.2,-0.4,-0.1,2023-04-04,2023-04-04
57,753924,56,"Urban Honolulu, HI",msa,HI,2023-02-28,-0.5,-1.1,-3.2,2023-04-04,2023-04-04
58,394938,57,"Omaha, NE",msa,NE,2023-02-28,0.4,0.6,0.6,2023-04-04,2023-04-04
59,395238,58,"Worcester, MA",msa,MA,2023-02-28,0.3,0.2,-0.1,2023-04-04,2023-04-04
60,394415,59,"Bridgeport, CT",msa,CT,2023-02-28,0.4,0.4,-0.8,2023-04-04,2023-04-04
61,394653,60,"Greenville, SC",msa,SC,2023-02-28,0.4,0.7,2,2023-04-04,2023-04-04
62,394312,61,"Albuquerque, NM",msa,NM,2023-02-28,0.3,0.7,2.2,2023-04-04,2023-04-04
63,394357,62,"Bakersfield, CA",msa,CA,2023-02-28,-0.1,-0.2,0.5,2023-04-04,2023-04-04
64,394308,63,"Albany, NY",msa,NY,2023-02-28,0.5,0.5,-0.7,2023-04-04,2023-04-04
65,394753,64,"Knoxville, TN",msa,TN,2023-02-28,0.8,1.3,4.2,2023-04-04,2023-04-04
66,394843,65,"McAllen, TX",msa,TX,2023-02-28,0.1,0.1,1.7,2023-04-04,2023-04-04
67,394367,66,"Baton Rouge, LA",msa,LA,2023-02-28,0.5,-0.1,-3,2023-04-04,2023-04-04
68,753906,67,"North Port, FL",msa,FL,2023-02-28,-0.1,-0.2,2,2023-04-04,2023-04-04
69,394908,68,"New Haven, CT",msa,CT,2023-02-28,0.4,0.2,-0.2,2023-04-04,2023-04-04
70,394486,69,"Columbia, SC",msa,SC,2023-02-28,0.5,0.8,2,2023-04-04,2023-04-04
71,394318,70,"Allentown, PA",msa,PA,2023-02-28,0.5,0.6,1.1,2023-04-04,2023-04-04
72,394561,71,"El Paso, TX",msa,TX,2023-02-28,0.6,0.7,1.4,2023-04-04,2023-04-04
73,394952,72,"Oxnard, CA",msa,CA,2023-02-28,-0.4,-1,-2.6,2023-04-04,2023-04-04
74,394457,73,"Charleston, SC",msa,SC,2023-02-28,0.2,0.2,1,2023-04-04,2023-04-04
75,394440,75,"Cape Coral, FL",msa,FL,2023-02-28,-0.6,-1.5,-0.2,2023-04-04,2023-04-04
76,394648,76,"Greensboro, NC",msa,NC,2023-02-28,1.1,1.5,3,2023-04-04,2023-04-04
77,394399,77,"Boise City, ID",msa,ID,2023-02-28,-0.3,0,2.3,2023-04-04,2023-04-04
78,395134,78,"Stockton, CA",msa,CA,2023-02-28,-0.3,-0.8,-1.4,2023-04-04,2023-04-04
79,394484,79,"Colorado Springs, CO",msa,CO,2023-02-28,-0.3,-0.6,-0.3,2023-04-04,2023-04-04
80,394798,80,"Little Rock, AR",msa,AR,2023-02-28,0.7,0.5,-0.7,2023-04-04,2023-04-04
81,394766,81,"Lakeland, FL",msa,FL,2023-02-28,-0.2,-0.6,1.7,2023-04-04,2023-04-04
82,394531,82,"Des Moines, IA",msa,IA,2023-02-28,0.3,0.2,-0.4,2023-04-04,2023-04-04
83,394304,83,"Akron, OH",msa,OH,2023-02-28,0.2,-0.1,-0.4,2023-04-04,2023-04-04
84,395115,84,"Springfield, MA",msa,MA,2023-02-28,0.2,-0.1,-1.1,2023-04-04,2023-04-04
85,394931,85,"Ogden, UT",msa,UT,2023-02-28,0,-0.1,1.7,2023-04-04,2023-04-04
86,394528,86,"Deltona, FL",msa,FL,2023-02-28,-0.2,-0.5,1.1,2023-04-04,2023-04-04
87,395235,87,"Winston, NC",msa,NC,2023-02-28,0.8,1.5,3.6,2023-04-04,2023-04-04
88,394816,89,"Madison, WI",msa,WI,2023-02-28,0.5,0.6,-0.3,2023-04-04,2023-04-04
89,395006,90,"Provo, UT",msa,UT,2023-02-28,0.1,-0.2,0.9,2023-04-04,2023-04-04
90,394549,91,"Durham, NC",msa,NC,2023-02-28,-0.2,-0.2,1.2,2023-04-04,2023-04-04
91,395143,92,"Syracuse, NY",msa,NY,2023-02-28,0.4,0.5,0.5,2023-04-04,2023-04-04
92,395224,93,"Wichita, KS",msa,KS,2023-02-28,0.9,1.1,2,2023-04-04,2023-04-04
93,395160,94,"Toledo, OH",msa,OH,2023-02-28,0.2,-0.2,-1.2,2023-04-04,2023-04-04
94,394352,95,"Augusta, GA",msa,GA,2023-02-28,0.5,0.8,2.2,2023-04-04,2023-04-04
95,394957,96,"Palm Bay, FL",msa,FL,2023-02-28,-0.2,-0.5,0.7,2023-04-04,2023-04-04
96,394711,97,"Jackson, MS",msa,MS,2023-02-28,0,-0.4,-1.1,2023-04-04,2023-04-04
97,394666,98,"Harrisburg, PA",msa,PA,2023-02-28,0.4,0.3,-0.3,2023-04-04,2023-04-04
98,395113,99,"Spokane, WA",msa,WA,2023-02-28,0.2,0.7,3.3,2023-04-04,2023-04-04
99,394460,100,"Chattanooga, TN",msa,TN,2023-02-28,1.2,1.5,3.3,2023-04-04,2023-04-04
100,395075,101,"Scranton, PA",msa,PA,2023-02-28,1.5,1.8,1.9,2023-04-04,2023-04-04
101,394871,102,"Modesto, CA",msa,CA,2023-02-28,-0.1,-0.5,-1.2,2023-04-04,2023-04-04
102,394590,103,"Fayetteville, AR",msa,AR,2023-02-28,0.5,0.9,3.3,2023-04-04,2023-04-04
103,394770,104,"Lansing, MI",msa,MI,2023-02-28,0.6,0.6,0.2,2023-04-04,2023-04-04
104,394768,105,"Lancaster, PA",msa,PA,2023-02-28,0.4,0.2,-0.1,2023-04-04,2023-04-04
105,394997,106,"Portland, ME",msa,ME,2023-02-28,0.2,0.3,1.8,2023-04-04,2023-04-04
106,395245,107,"Youngstown, OH",msa,OH,2023-02-28,0.4,0.1,1.1,2023-04-04,2023-04-04
107,394589,108,"Fayetteville, NC",msa,NC,2023-02-28,1.1,1.7,3.1,2023-04-04,2023-04-04
108,394792,109,"Lexington, KY",msa,KY,2023-02-28,0.5,0.5,0.7,2023-04-04,2023-04-04
109,394898,110,"Myrtle Beach, SC",msa,SC,2023-02-28,-0.1,-0.1,2.4,2023-04-04,2023-04-04
110,394971,111,"Pensacola, FL",msa,FL,2023-02-28,0.3,0.5,3.1,2023-04-04,2023-04-04
111,394995,112,"Port St. Lucie, FL",msa,FL,2023-02-28,-0.4,-0.9,0.9,2023-04-04,2023-04-04
112,395068,113,"Santa Rosa, CA",msa,CA,2023-02-28,0.1,-0.3,-2.8,2023-04-04,2023-04-04
113,394761,114,"Lafayette, LA",msa,LA,2023-02-28,0.9,-0.1,-4.4,2023-04-04,2023-04-04
114,394698,115,"Huntsville, AL",msa,AL,2023-02-28,0.7,1,3.7,2023-04-04,2023-04-04
115,395019,116,"Reno, NV",msa,NV,2023-02-28,-0.2,-1.1,-1.6,2023-04-04,2023-04-04
116,395116,117,"Springfield, MO",msa,MO,2023-02-28,0.2,0.5,2.8,2023-04-04,2023-04-04
117,395195,118,"Visalia, CA",msa,CA,2023-02-28,-0.2,-0.5,-0.1,2023-04-04,2023-04-04
118,394746,119,"Killeen, TX",msa,TX,2023-02-28,0.2,0.2,2.8,2023-04-04,2023-04-04
119,394338,120,"Asheville, NC",msa,NC,2023-02-28,0.3,0.1,1.3,2023-04-04,2023-04-04
120,395244,121,"York, PA",msa,PA,2023-02-28,0.3,0.2,-0.2,2023-04-04,2023-04-04
121,395183,122,"Vallejo, CA",msa,CA,2023-02-28,-0.3,-0.9,-3,2023-04-04,2023-04-04
122,753917,123,"Santa Maria, CA",msa,CA,2023-02-28,0.3,0.8,1.9,2023-04-04,2023-04-04
123,395048,124,"Salem, OR",msa,OR,2023-02-28,0.1,0,0,2023-04-04,2023-04-04
124,395050,125,"Salinas, CA",msa,CA,2023-02-28,-0.2,-0.2,-0.3,2023-04-04,2023-04-04
125,394502,126,"Corpus Christi, TX",msa,TX,2023-02-28,0.1,-0.8,-2.4,2023-04-04,2023-04-04
126,394870,127,"Mobile, AL",msa,AL,2023-02-28,0.9,0.7,1.3,2023-04-04,2023-04-04
127,394421,128,"Brownsville, TX",msa,TX,2023-02-28,1.5,1.4,2.6,2023-04-04,2023-04-04
128,395051,129,"Salisbury, MD",msa,DE,2023-02-28,0.6,0.9,2.2,2023-04-04,2023-04-04
129,395015,130,"Reading, PA",msa,PA,2023-02-28,0.5,1,1.5,2023-04-04,2023-04-04
130,394658,131,"Gulfport, MS",msa,MS,2023-02-28,0.8,0.8,1,2023-04-04,2023-04-04
131,394820,132,"Manchester, NH",msa,NH,2023-02-28,0.3,0.5,0.6,2023-04-04,2023-04-04
132,394612,133,"Fort Wayne, IN",msa,IN,2023-02-28,0.3,0.5,1.4,2023-04-04,2023-04-04
133,394596,134,"Flint, MI",msa,MI,2023-02-28,0.9,1,2.6,2023-04-04,2023-04-04
134,394327,135,"Anchorage, AK",msa,AK,2023-02-28,0.1,-0.7,-3.6,2023-04-04,2023-04-04
135,394972,136,"Peoria, IL",msa,IL,2023-02-28,0.3,-0.3,-2.5,2023-04-04,2023-04-04
136,394439,137,"Canton, OH",msa,OH,2023-02-28,0.5,0.2,-0.1,2023-04-04,2023-04-04
137,395070,138,"Savannah, GA",msa,GA,2023-02-28,0.7,1.6,3.6,2023-04-04,2023-04-04
138,394901,139,"Naples, FL",msa,FL,2023-02-28,0.1,0,2.1,2023-04-04,2023-04-04
139,395096,140,"Shreveport, LA",msa,LA,2023-02-28,2.2,1.9,-1.7,2023-04-04,2023-04-04
140,394372,141,"Beaumont, TX",msa,TX,2023-02-28,1.1,0.3,-1.4,2023-04-04,2023-04-04
141,395146,142,"Tallahassee, FL",msa,FL,2023-02-28,1,1.2,1.8,2023-04-04,2023-04-04
142,394576,143,"Eugene, OR",msa,OR,2023-02-28,0,-0.4,-0.1,2023-04-04,2023-04-04
143,394520,144,"Davenport, IA",msa,IL,2023-02-28,0.4,-0.2,-2.3,2023-04-04,2023-04-04
144,394927,145,"Ocala, FL",msa,FL,2023-02-28,-0.3,-0.6,2.3,2023-04-04,2023-04-04
145,394875,146,"Montgomery, AL",msa,AL,2023-02-28,0.7,0.3,-0.3,2023-04-04,2023-04-04
146,394679,147,"Hickory, NC",msa,NC,2023-02-28,0.5,0.6,3.3,2023-04-04,2023-04-04
147,395164,148,"Trenton, NJ",msa,NJ,2023-02-28,1.2,1.4,0.8,2023-04-04,2023-04-04
148,394332,149,"Ann Arbor, MI",msa,MI,2023-02-28,0.4,-0.1,-1.7,2023-04-04,2023-04-04
149,394602,150,"Fort Collins, CO",msa,CO,2023-02-28,0,-0.4,-1.5,2023-04-04,2023-04-04
150,394697,151,"Huntington, WV",msa,OH,2023-02-28,0.2,-0.2,-1.4,2023-04-04,2023-04-04
151,394796,152,"Lincoln, NE",msa,NE,2023-02-28,0.3,0.2,-0.6,2023-04-04,2023-04-04
152,395033,153,"Rockford, IL",msa,IL,2023-02-28,0.3,0.3,-0.2,2023-04-04,2023-04-04
153,394645,154,"Greeley, CO",msa,CO,2023-02-28,0.2,0.1,-0.3,2023-04-04,2023-04-04
154,394622,155,"Gainesville, FL",msa,FL,2023-02-28,0.2,0.1,1.3,2023-04-04,2023-04-04
155,394405,156,"Boulder, CO",msa,CO,2023-02-28,0,-0.2,-1.9,2023-04-04,2023-04-04
156,394808,157,"Lubbock, TX",msa,TX,2023-02-28,0.5,0.4,-0.4,2023-04-04,2023-04-04
157,395109,158,"Spartanburg, SC",msa,SC,2023-02-28,0.4,0.8,2.8,2023-04-04,2023-04-04
158,394646,159,"Green Bay, WI",msa,WI,2023-02-28,0.6,0.6,1,2023-04-04,2023-04-04
159,395107,160,"South Bend, IN",msa,IN,2023-02-28,0.7,0.8,1.8,2023-04-04,2023-04-04
160,394488,161,"Columbus, GA",msa,GA,2023-02-28,0.3,0,0.4,2023-04-04,2023-04-04
161,394579,162,"Evansville, IN",msa,IN,2023-02-28,0.3,0.1,-0.1,2023-04-04,2023-04-04
162,394471,163,"Clarksville, TN",msa,TN,2023-02-28,0.4,0.5,2.3,2023-04-04,2023-04-04
163,395028,164,"Roanoke, VA",msa,VA,2023-02-28,0.2,0.3,0.6,2023-04-04,2023-04-04
164,394747,165,"Kingsport, TN",msa,TN,2023-02-28,1.4,1.7,3.3,2023-04-04,2023-04-04
165,394741,166,"Kennewick, WA",msa,WA,2023-02-28,0.1,0.2,1.2,2023-04-04,2023-04-04
166,395229,167,"Wilmington, NC",msa,NC,2023-02-28,0.5,1.2,3.2,2023-04-04,2023-04-04
167,394937,168,"Olympia, WA",msa,WA,2023-02-28,0,0.1,1.3,2023-04-04,2023-04-04
168,394660,169,"Hagerstown, MD",msa,MD,2023-02-28,0.4,0.3,0.6,2023-04-04,2023-04-04
169,753875,170,"Crestview, FL",msa,FL,2023-02-28,0,-0.1,2.4,2023-04-04,2023-04-04
170,394543,171,"Duluth, MN",msa,MN,2023-02-28,0.7,0.5,0.6,2023-04-04,2023-04-04
171,395179,172,"Utica, NY",msa,NY,2023-02-28,0.4,0.4,1.2,2023-04-04,2023-04-04
172,394803,173,"Longview, TX",msa,TX,2023-02-28,0.9,0.7,0.9,2023-04-04,2023-04-04
173,395061,174,"San Luis Obispo, CA",msa,CA,2023-02-28,-0.5,-1,-1.7,2023-04-04,2023-04-04
174,394851,175,"Merced, CA",msa,CA,2023-02-28,-0.3,-0.7,-0.5,2023-04-04,2023-04-04
175,394772,176,"Laredo, TX",msa,TX,2023-02-28,1.4,1.3,-0.2,2023-04-04,2023-04-04
176,395197,177,"Waco, TX",msa,TX,2023-02-28,0.1,0,2.3,2023-04-04,2023-04-04
177,394447,178,"Cedar Rapids, IA",msa,IA,2023-02-28,0.1,-0.2,-1.6,2023-04-04,2023-04-04
178,395103,179,"Sioux Falls, SD",msa,SD,2023-02-28,0.3,0.2,0.1,2023-04-04,2023-04-04
179,394412,180,"Bremerton, WA",msa,WA,2023-02-28,-0.2,-0.6,0,2023-04-04,2023-04-04
180,395065,181,"Santa Cruz, CA",msa,CA,2023-02-28,-0.1,0.6,0.5,2023-04-04,2023-04-04
181,394572,182,"Erie, PA",msa,PA,2023-02-28,0.5,0.5,-0.3,2023-04-04,2023-04-04
182,394483,183,"College Station, TX",msa,TX,2023-02-28,0.9,0.7,-1.1,2023-04-04,2023-04-04
183,394732,184,"Kalamazoo, MI",msa,MI,2023-02-28,0.5,0.5,1,2023-04-04,2023-04-04
184,394323,185,"Amarillo, TX",msa,TX,2023-02-28,0.1,-0.1,-0.3,2023-04-04,2023-04-04
185,394924,186,"Norwich, CT",msa,CT,2023-02-28,0.5,0.6,-0.1,2023-04-04,2023-04-04
186,394811,187,"Lynchburg, VA",msa,VA,2023-02-28,0.5,0.5,0.6,2023-04-04,2023-04-04
187,394348,188,"Atlantic City, NJ",msa,NJ,2023-02-28,1.1,1.8,4.2,2023-04-04,2023-04-04
188,394455,189,"Charleston, WV",msa,WV,2023-02-28,0.4,0,-1.6,2023-04-04,2023-04-04
189,395171,190,"Tuscaloosa, AL",msa,AL,2023-02-28,0.4,-0.1,-0.2,2023-04-04,2023-04-04
190,395240,191,"Yakima, WA",msa,WA,2023-02-28,0.3,0.4,2,2023-04-04,2023-04-04
191,394609,192,"Fort Smith, AR",msa,AR,2023-02-28,1.5,1.9,2.3,2023-04-04,2023-04-04
192,394585,193,"Fargo, ND",msa,ND,2023-02-28,0.3,-0.1,-2.6,2023-04-04,2023-04-04
193,394334,195,"Appleton, WI",msa,WI,2023-02-28,0.5,0.3,0,2023-04-04,2023-04-04
194,394387,196,"Binghamton, NY",msa,NY,2023-02-28,0.4,0.2,-0.2,2023-04-04,2023-04-04
195,395174,197,"Tyler, TX",msa,TX,2023-02-28,1,1.2,1.6,2023-04-04,2023-04-04
196,753895,198,"Lafayette, IN",msa,IN,2023-02-28,0.5,0.6,1,2023-04-04,2023-04-04
197,394378,199,"Bellingham, WA",msa,WA,2023-02-28,-0.4,-0.7,-0.1,2023-04-04,2023-04-04
198,395161,200,"Topeka, KS",msa,KS,2023-02-28,0.9,1.5,3.4,2023-04-04,2023-04-04
199,394813,201,"Macon, GA",msa,GA,2023-02-28,0.9,1.5,3.9,2023-04-04,2023-04-04
200,394519,202,"Daphne, AL",msa,AL,2023-02-28,0.3,0.3,2.6,2023-04-04,2023-04-04
201,394681,203,"Hilton Head Island, SC",msa,SC,2023-02-28,0.4,0.8,2.8,2023-04-04,2023-04-04
202,394454,204,"Champaign, IL",msa,IL,2023-02-28,0.3,-0.3,-2.2,2023-04-04,2023-04-04
203,395030,205,"Rochester, MN",msa,MN,2023-02-28,0.2,0.2,-0.5,2023-04-04,2023-04-04
204,394848,206,"Medford, OR",msa,OR,2023-02-28,-0.4,-1.1,-2.3,2023-04-04,2023-04-04
205,394773,207,"Las Cruces, NM",msa,NM,2023-02-28,0.4,0.5,1.1,2023-04-04,2023-04-04
206,394429,208,"Burlington, VT",msa,VT,2023-02-28,0.8,1,1.1,2023-04-04,2023-04-04
207,394459,209,"Charlottesville, VA",msa,VA,2023-02-28,-0.1,0,-0.4,2023-04-04,2023-04-04
208,395247,210,"Yuma, AZ",msa,AZ,2023-02-28,-0.1,0,2.5,2023-04-04,2023-04-04
209,394765,212,"Lake Havasu City, AZ",msa,AZ,2023-02-28,-0.2,-0.5,2.5,2023-04-04,2023-04-04
210,394346,213,"Athens, GA",msa,GA,2023-02-28,0.6,0.9,3.5,2023-04-04,2023-04-04
211,394361,214,"Barnstable Town, MA",msa,MA,2023-02-28,0,-0.1,0.5,2023-04-04,2023-04-04
212,394464,215,"Chico, CA",msa,CA,2023-02-28,-0.5,-1.2,-2,2023-04-04,2023-04-04
213,394763,216,"Lake Charles, LA",msa,LA,2023-02-28,0.1,-1.2,-6.8,2023-04-04,2023-04-04
214,394485,217,"Columbia, MO",msa,MO,2023-02-28,1.2,2.3,3.7,2023-04-04,2023-04-04
215,394691,218,"Houma, LA",msa,LA,2023-02-28,1.2,-0.4,-6,2023-04-04,2023-04-04
216,394623,219,"Gainesville, GA",msa,GA,2023-02-28,0,0,2.2,2023-04-04,2023-04-04
217,394565,220,"Elkhart, IN",msa,IN,2023-02-28,0.4,0.3,0.2,2023-04-04,2023-04-04
218,395114,221,"Springfield, IL",msa,IL,2023-02-28,0.2,-0.6,-2.9,2023-04-04,2023-04-04
219,394726,222,"Johnson City, TN",msa,TN,2023-02-28,1.6,2.3,4.3,2023-04-04,2023-04-04
220,394597,223,"Florence, SC",msa,SC,2023-02-28,0.8,1.1,1.3,2023-04-04,2023-04-04
221,394716,224,"Jacksonville, NC",msa,NC,2023-02-28,0.6,1,2.9,2023-04-04,2023-04-04
222,394680,225,"Hilo, HI",msa,HI,2023-02-28,-0.5,-0.9,-0.1,2023-04-04,2023-04-04
223,395118,226,"St. Cloud, MN",msa,MN,2023-02-28,0.3,0,-0.6,2023-04-04,2023-04-04
224,394380,227,"Bend, OR",msa,OR,2023-02-28,-0.2,-0.1,1.6,2023-04-04,2023-04-04
225,394872,228,"Monroe, LA",msa,LA,2023-02-28,-0.6,-1.4,-3.6,2023-04-04,2023-04-04
226,395011,229,"Racine, WI",msa,WI,2023-02-28,0.7,0.6,0.4,2023-04-04,2023-04-04
227,395009,230,"Punta Gorda, FL",msa,FL,2023-02-28,-0.5,-0.9,1.7,2023-04-04,2023-04-04
228,395047,231,"Saginaw, MI",msa,MI,2023-02-28,0.7,0.7,2.5,2023-04-04,2023-04-04
229,395202,232,"Warner Robins, GA",msa,GA,2023-02-28,0.6,0.8,1.7,2023-04-04,2023-04-04
230,395151,233,"Terre Haute, IN",msa,IN,2023-02-28,0.6,0.8,1.5,2023-04-04,2023-04-04
231,395119,234,"St. George, UT",msa,UT,2023-02-28,0.1,0.1,1,2023-04-04,2023-04-04
232,394386,235,"Billings, MT",msa,MT,2023-02-28,0.6,0.8,1.3,2023-04-04,2023-04-04
233,394860,236,"Midland, TX",msa,TX,2023-02-28,0,-0.8,-3.6,2023-04-04,2023-04-04
234,394539,237,"Dover, DE",msa,DE,2023-02-28,0.1,0.1,0.8,2023-04-04,2023-04-04
235,394651,238,"Greenville, NC",msa,NC,2023-02-28,0.5,0.6,2.1,2023-04-04,2023-04-04
236,394406,239,"Bowling Green, KY",msa,KY,2023-02-28,0.3,0.4,1.2,2023-04-04,2023-04-04
237,394559,240,"El Centro, CA",msa,CA,2023-02-28,0.7,0.3,-0.7,2023-04-04,2023-04-04
238,394729,241,"Joplin, MO",msa,MO,2023-02-28,0.9,1.4,3.8,2023-04-04,2023-04-04
239,395162,242,"Torrington, CT",msa,CT,2023-02-28,0.4,0.7,0.5,2023-04-04,2023-04-04
240,394712,243,"Jackson, TN",msa,TN,2023-02-28,1.9,2.5,4,2023-04-04,2023-04-04
241,395018,244,"Redding, CA",msa,CA,2023-02-28,-0.3,-0.7,-1.3,2023-04-04,2023-04-04
242,394748,245,"Kingston, NY",msa,NY,2023-02-28,0,0.8,2.9,2023-04-04,2023-04-04
243,395246,246,"Yuba City, CA",msa,CA,2023-02-28,-0.4,-0.9,-1.2,2023-04-04,2023-04-04
244,394707,247,"Iowa City, IA",msa,IA,2023-02-28,1,1.3,-0.2,2023-04-04,2023-04-04
245,394896,248,"Muskegon, MI",msa,MI,2023-02-28,0.6,0.8,2.8,2023-04-04,2023-04-04
246,394299,249,"Abilene, TX",msa,TX,2023-02-28,0.5,0,-0.6,2023-04-04,2023-04-04
247,394944,250,"Oshkosh, WI",msa,WI,2023-02-28,0.4,0.2,-0.1,2023-04-04,2023-04-04
248,394428,251,"Burlington, NC",msa,NC,2023-02-28,0.4,0.6,2.4,2023-04-04,2023-04-04
249,394960,252,"Panama City, FL",msa,FL,2023-02-28,0.4,0.4,3.1,2023-04-04,2023-04-04
250,753869,253,"Bloomington, IL",msa,IL,2023-02-28,0.7,0.9,-0.7,2023-04-04,2023-04-04
251,394480,254,"Coeur d'Alene, ID",msa,ID,2023-02-28,0.3,0.5,3.9,2023-04-04,2023-04-04
252,394553,255,"East Stroudsburg, PA",msa,PA,2023-02-28,0.1,0.1,4.2,2023-04-04,2023-04-04
253,394555,256,"Eau Claire, WI",msa,WI,2023-02-28,0.5,0.5,0.7,2023-04-04,2023-04-04
254,395007,257,"Pueblo, CO",msa,CO,2023-02-28,-0.1,-0.3,1.5,2023-04-04,2023-04-04
255,394671,258,"Hattiesburg, MS",msa,MS,2023-02-28,0.6,0.2,-1.9,2023-04-04,2023-04-04
256,394393,259,"Bloomington, IN",msa,IN,2023-02-28,0.3,0.5,1.5,2023-04-04,2023-04-04
257,395210,260,"Waterloo, IA",msa,IA,2023-02-28,0.8,0.9,-0.3,2023-04-04,2023-04-04
258,394731,261,"Kahului, HI",msa,HI,2023-02-28,-0.1,-0.2,1.2,2023-04-04,2023-04-04
259,394930,262,"Odessa, TX",msa,TX,2023-02-28,0.4,-0.9,-2.8,2023-04-04,2023-04-04
260,394392,263,"Blacksburg, VA",msa,VA,2023-02-28,0.4,0.5,1.8,2023-04-04,2023-04-04
261,394351,264,"Auburn, AL",msa,AL,2023-02-28,0.8,1.1,1.1,2023-04-04,2023-04-04
262,395170,265,"Tupelo, MS",msa,MS,2023-02-28,0.7,0.1,-1.4,2023-04-04,2023-04-04
263,395215,266,"Wausau, WI",msa,WI,2023-02-28,0.8,0.4,-1,2023-04-04,2023-04-04
264,394720,267,"Janesville, WI",msa,WI,2023-02-28,0.8,0.9,1.2,2023-04-04,2023-04-04
265,395079,268,"Sebastian, FL",msa,FL,2023-02-28,-0.1,-0.2,1.9,2023-04-04,2023-04-04
266,395125,269,"State College, PA",msa,PA,2023-02-28,0.5,0.3,-1,2023-04-04,2023-04-04
267,394814,270,"Madera, CA",msa,CA,2023-02-28,-0.2,-0.4,0.4,2023-04-04,2023-04-04
268,394710,271,"Jackson, MI",msa,MI,2023-02-28,0.4,0.1,0.1,2023-04-04,2023-04-04
269,394453,272,"Chambersburg, PA",msa,PA,2023-02-28,0.7,0.8,0.8,2023-04-04,2023-04-04
270,394639,273,"Grand Junction, CO",msa,CO,2023-02-28,0.3,0.3,1,2023-04-04,2023-04-04
271,394703,274,"Idaho Falls, ID",msa,ID,2023-02-28,-0.3,-0.5,2.8,2023-04-04,2023-04-04
272,394563,275,"Elizabethtown, KY",msa,KY,2023-02-28,0.3,0.1,0.1,2023-04-04,2023-04-04
273,394917,276,"Niles, MI",msa,MI,2023-02-28,0.4,0.3,0.6,2023-04-04,2023-04-04
274,394685,277,"Homosassa Springs, FL",msa,FL,2023-02-28,-0.1,-0.2,2.9,2023-04-04,2023-04-04
275,394523,278,"Decatur, AL",msa,AL,2023-02-28,,2,3.6,2023-04-04,2023-04-04
276,394662,279,"Hanford, CA",msa,CA,2023-02-28,0.1,0.2,0.6,2023-04-04,2023-04-04
277,394493,280,"Concord, NH",msa,NH,2023-02-28,0.2,0.4,1.7,2023-04-04,2023-04-04
278,395223,281,"Wichita Falls, TX",msa,TX,2023-02-28,0.7,0.8,2.4,2023-04-04,2023-04-04
279,395066,282,"Santa Fe, NM",msa,NM,2023-02-28,0.1,0.4,1.5,2023-04-04,2023-04-04
280,394359,283,"Bangor, ME",msa,ME,2023-02-28,0.8,1.2,3.2,2023-04-04,2023-04-04
281,395163,284,"Traverse City, MI",msa,MI,2023-02-28,0.9,1.3,3.6,2023-04-04,2023-04-04
282,394314,285,"Alexandria, LA",msa,LA,2023-02-28,0.7,-0.4,-5,2023-04-04,2023-04-04
283,394873,286,"Monroe, MI",msa,MI,2023-02-28,0.4,0,-1.6,2023-04-04,2023-04-04
284,394537,287,"Dothan, AL",msa,AL,2023-02-28,1.2,1.4,1,2023-04-04,2023-04-04
285,394723,288,"Jefferson City, MO",msa,MO,2023-02-28,0.3,0.1,0.2,2023-04-04,2023-04-04
286,395152,289,"Texarkana, TX",msa,TX,2023-02-28,1.1,0.6,0.4,2023-04-04,2023-04-04
287,394598,290,"Florence, AL",msa,AL,2023-02-28,1.3,1.8,2.6,2023-04-04,2023-04-04
288,395182,291,"Valdosta, GA",msa,GA,2023-02-28,0.9,1,1.7,2023-04-04,2023-04-04
289,394802,292,"London, KY",msa,KY,2023-02-28,0.6,-0.2,-0.3,2023-04-04,2023-04-04
290,395193,293,"Vineland, NJ",msa,NJ,2023-02-28,1.7,2.1,2.9,2023-04-04,2023-04-04
291,395036,294,"Rocky Mount, NC",msa,NC,2023-02-28,0.6,1.1,3.7,2023-04-04,2023-04-04
292,394306,296,"Albany, GA",msa,GA,2023-02-28,0.6,0.9,2.2,2023-04-04,2023-04-04
293,395102,297,"Sioux City, IA",msa,IA,2023-02-28,0.6,0.6,0.6,2023-04-04,2023-04-04
294,395013,298,"Rapid City, SD",msa,SD,2023-02-28,0.3,0.2,1.4,2023-04-04,2023-04-04
295,394800,299,"Logan, UT",msa,UT,2023-02-28,0.1,0,2.2,2023-04-04,2023-04-04
296,394880,300,"Morristown, TN",msa,TN,2023-02-28,1.6,2.1,4.5,2023-04-04,2023-04-04
297,394515,301,"Dalton, GA",msa,GA,2023-02-28,1.1,1.3,2.6,2023-04-04,2023-04-04
298,394595,302,"Flagstaff, AZ",msa,AZ,2023-02-28,0.7,1.4,3.2,2023-04-04,2023-04-04
299,395232,303,"Winchester, VA",msa,VA,2023-02-28,0.1,-0.1,-0.4,2023-04-04,2023-04-04
300,394783,304,"Lebanon, PA",msa,PA,2023-02-28,0.3,-0.1,-0.4,2023-04-04,2023-04-04
301,395000,305,"Pottsville, PA",msa,PA,2023-02-28,1,1.1,3.2,2023-04-04,2023-04-04
302,394879,306,"Morgantown, WV",msa,WV,2023-02-28,0.2,0.3,-2.2,2023-04-04,2023-04-04
303,395139,307,"Sumter, SC",msa,SC,2023-02-28,1.1,0.8,0.3,2023-04-04,2023-04-04
304,395153,308,"The Villages, FL",msa,FL,2023-02-28,-0.4,-1.2,-1,2023-04-04,2023-04-04
305,395094,309,"Sherman, TX",msa,TX,2023-02-28,0.9,0.8,2.4,2023-04-04,2023-04-04
306,395221,310,"Wheeling, WV",msa,OH,2023-02-28,0.2,-0.5,-2.4,2023-04-04,2023-04-04
307,394756,311,"La Crosse, WI",msa,WI,2023-02-28,0.4,0.2,-0.3,2023-04-04,2023-04-04
308,394661,312,"Hammond, LA",msa,LA,2023-02-28,1,0.3,-2.3,2023-04-04,2023-04-04
309,394900,313,"Napa, CA",msa,CA,2023-02-28,-0.2,-0.3,-1.9,2023-04-04,2023-04-04
310,394668,314,"Harrisonburg, VA",msa,VA,2023-02-28,0.9,1,0.7,2023-04-04,2023-04-04
311,394728,315,"Jonesboro, AR",msa,AR,2023-02-28,1,0.8,0.5,2023-04-04,2023-04-04
312,394442,316,"Carbondale, IL",msa,IL,2023-02-28,0.7,-0.5,-3.2,2023-04-04,2023-04-04
313,394577,317,"Eureka, CA",msa,CA,2023-02-28,0.6,0.2,-1.8,2023-04-04,2023-04-04
314,395117,318,"Springfield, OH",msa,OH,2023-02-28,0.3,0.1,0.9,2023-04-04,2023-04-04
315,394368,319,"Battle Creek, MI",msa,MI,2023-02-28,1.2,1.8,3.4,2023-04-04,2023-04-04
316,394307,320,"Albany, OR",msa,OR,2023-02-28,0,0,0.7,2023-04-04,2023-04-04
317,394890,321,"Mount Vernon, WA",msa,WA,2023-02-28,-0.1,-0.3,0.5,2023-04-04,2023-04-04
318,394821,322,"Manhattan, KS",msa,KS,2023-02-28,0.8,0.8,0.1,2023-04-04,2023-04-04
319,394810,323,"Lumberton, NC",msa,NC,2023-02-28,0.8,1.7,4.9,2023-04-04,2023-04-04
320,394390,324,"Bismarck, ND",msa,ND,2023-02-28,0,-0.7,-3.4,2023-04-04,2023-04-04
321,394727,325,"Johnstown, PA",msa,PA,2023-02-28,1.9,0.7,-0.9,2023-04-04,2023-04-04
322,395098,326,"Sierra Vista, AZ",msa,AZ,2023-02-28,0.7,1.1,2.8,2023-04-04,2023-04-04
323,394780,327,"Lawton, OK",msa,OK,2023-02-28,0.1,-0.4,-1.2,2023-04-04,2023-04-04
324,394719,328,"Jamestown, NY",msa,NY,2023-02-28,0.3,0.8,2.7,2023-04-04,2023-04-04
325,394474,329,"Cleveland, TN",msa,TN,2023-02-28,1.1,1.6,3.9,2023-04-04,2023-04-04
326,394983,330,"Pittsfield, MA",msa,MA,2023-02-28,0.5,0.9,1.8,2023-04-04,2023-04-04
327,394325,331,"Ames, IA",msa,IA,2023-02-28,0,-0.4,-1.7,2023-04-04,2023-04-04
328,395128,332,"Staunton, VA",msa,VA,2023-02-28,0.8,1.1,0.6,2023-04-04,2023-04-04
329,394633,333,"Glens Falls, NY",msa,NY,2023-02-28,0.5,0.7,0.6,2023-04-04,2023-04-04
330,394635,334,"Goldsboro, NC",msa,NC,2023-02-28,1.9,2,0.3,2023-04-04,2023-04-04
331,394588,335,"Farmington, NM",msa,NM,2023-02-28,-0.3,-1,-3.2,2023-04-04,2023-04-04
332,394905,336,"New Bern, NC",msa,NC,2023-02-28,0.8,1.4,2.8,2023-04-04,2023-04-04
333,394353,337,"Augusta, ME",msa,ME,2023-02-28,0.4,0.7,3.4,2023-04-04,2023-04-04
334,395054,338,"San Angelo, TX",msa,TX,2023-02-28,1.2,1.3,1.7,2023-04-04,2023-04-04
335,395120,339,"St. Joseph, MO",msa,MO,2023-02-28,1,1.4,1.8,2023-04-04,2023-04-04
336,394778,340,"Lawrence, KS",msa,KS,2023-02-28,0.3,0.1,-0.9,2023-04-04,2023-04-04
337,394867,341,"Missoula, MT",msa,MT,2023-02-28,0.2,0,1.6,2023-04-04,2023-04-04
338,395218,342,"Wenatchee, WA",msa,WA,2023-02-28,0,-0.1,1.3,2023-04-04,2023-04-04
339,394321,343,"Altoona, PA",msa,PA,2023-02-28,1.3,0.2,-3.8,2023-04-04,2023-04-04
340,394824,344,"Mansfield, OH",msa,OH,2023-02-28,0.5,0.4,1.3,2023-04-04,2023-04-04
341,394949,345,"Owensboro, KY",msa,KY,2023-02-28,0.4,0.1,0.4,2023-04-04,2023-04-04
342,394423,346,"Brunswick, GA",msa,GA,2023-02-28,0.6,1.2,2.7,2023-04-04,2023-04-04
343,753890,347,"Holland, MI",msa,MI,2023-02-28,0.4,0.2,0.7,2023-04-04,2023-04-04
344,394407,348,"Bozeman, MT",msa,MT,2023-02-28,0.3,0.3,2.4,2023-04-04,2023-04-04
345,395237,349,"Wooster, OH",msa,OH,2023-02-28,1.6,2.6,6.5,2023-04-04,2023-04-04
346,394495,350,"Cookeville, TN",msa,TN,2023-02-28,1.8,2.5,5.8,2023-04-04,2023-04-04
347,395089,351,"Sheboygan, WI",msa,WI,2023-02-28,0.7,0.4,-0.3,2023-04-04,2023-04-04
348,395217,352,"Weirton, WV",msa,OH,2023-02-28,0.2,-0.3,0.2,2023-04-04,2023-04-04
349,394374,353,"Beckley, WV",msa,WV,2023-02-28,-0.7,-2.1,-2.9,2023-04-04,2023-04-04
350,753872,354,"California, MD",msa,MD,2023-02-28,0.5,0.1,-1.4,2023-04-04,2023-04-04
351,394333,355,"Anniston, AL",msa,AL,2023-02-28,,1.4,1.7,2023-04-04,2023-04-04
352,394893,356,"Muncie, IN",msa,IN,2023-02-28,0.7,1.1,2.5,2023-04-04,2023-04-04
353,395225,357,"Williamsport, PA",msa,PA,2023-02-28,0.5,0.4,-1.7,2023-04-04,2023-04-04
354,395173,358,"Twin Falls, ID",msa,ID,2023-02-28,-0.3,-0.2,2.9,2023-04-04,2023-04-04
355,395095,359,"Show Low, AZ",msa,AZ,2023-02-28,0.1,0.2,3.9,2023-04-04,2023-04-04
356,394804,360,"Longview, WA",msa,WA,2023-02-28,0.2,0,0.8,2023-04-04,2023-04-04
357,395039,361,"Roseburg, OR",msa,OR,2023-02-28,-0.1,-0.1,0.9,2023-04-04,2023-04-04
358,394857,362,"Michigan City, IN",msa,IN,2023-02-28,0.6,0.8,1.8,2023-04-04,2023-04-04
359,394734,363,"Kankakee, IL",msa,IL,2023-02-28,0.4,-0.3,-1.5,2023-04-04,2023-04-04
360,394788,364,"Lewiston, ME",msa,ME,2023-02-28,0.9,1.4,3.1,2023-04-04,2023-04-04
361,395023,365,"Richmond, KY",msa,KY,2023-02-28,0.8,0.3,-0.6,2023-04-04,2023-04-04
362,395213,366,"Watertown, NY",msa,NY,2023-02-28,0,-0.3,-1.5,2023-04-04,2023-04-04
363,394932,367,"Ogdensburg, NY",msa,NY,2023-02-28,-0.4,-1.1,-0.9,2023-04-04,2023-04-04
364,395080,368,"Sebring, FL",msa,FL,2023-02-28,0,-0.1,3,2023-04-04,2023-04-04
365,395168,369,"Tullahoma, TN",msa,TN,2023-02-28,1.5,2.5,6.4,2023-04-04,2023-04-04
366,394733,370,"Kalispell, MT",msa,MT,2023-02-28,0.1,0.4,4.8,2023-04-04,2023-04-04
367,394396,371,"Bluefield, WV",msa,VA,2023-02-28,0,-0.3,0,2023-04-04,2023-04-04
368,395222,372,"Whitewater, WI",msa,WI,2023-02-28,0.6,0.5,1.3,2023-04-04,2023-04-04
369,753912,373,"Pinehurst, NC",msa,NC,2023-02-28,0.3,0.7,3,2023-04-04,2023-04-04
370,394762,374,"LaGrange, GA",msa,GA,2023-02-28,0,-0.4,1.2,2023-04-04,2023-04-04
371,394524,375,"Decatur, IL",msa,IL,2023-02-28,1.5,0.8,-1,2023-04-04,2023-04-04
372,394599,376,"Fond du Lac, WI",msa,WI,2023-02-28,0.7,0.7,0.9,2023-04-04,2023-04-04
373,394630,377,"Gettysburg, PA",msa,PA,2023-02-28,0.4,0.1,-0.9,2023-04-04,2023-04-04
374,394823,378,"Mankato, MN",msa,MN,2023-02-28,0,-0.4,-1.8,2023-04-04,2023-04-04
375,394369,379,"Bay City, MI",msa,MI,2023-02-28,0.8,0.6,1,2023-04-04,2023-04-04
376,394620,380,"Gadsden, AL",msa,AL,2023-02-28,,1.7,3,2023-04-04,2023-04-04
377,394794,381,"Lima, OH",msa,OH,2023-02-28,0.3,0.1,0.4,2023-04-04,2023-04-04
378,753915,382,"Salem, OH",msa,OH,2023-02-28,0.1,-0.3,-0.4,2023-04-04,2023-04-04
379,394709,383,"Ithaca, NY",msa,NY,2023-02-28,0.1,-0.5,-1.9,2023-04-04,2023-04-04
380,394462,384,"Cheyenne, WY",msa,WY,2023-02-28,0.2,-0.2,-2,2023-04-04,2023-04-04
381,394637,385,"Grand Forks, ND",msa,MN,2023-02-28,0.3,-0.6,-3.8,2023-04-04,2023-04-04
382,394689,386,"Hot Springs, AR",msa,AR,2023-02-28,0.5,0.9,3.4,2023-04-04,2023-04-04
383,394518,387,"Danville, VA",msa,VA,2023-02-28,0.5,0.5,1.1,2023-04-04,2023-04-04
384,395166,388,"Truckee, CA",msa,CA,2023-02-28,-0.4,-1,-2.3,2023-04-04,2023-04-04
385,395190,389,"Victoria, TX",msa,TX,2023-02-28,0.5,0.3,-0.3,2023-04-04,2023-04-04
386,394882,390,"Moses Lake, WA",msa,WA,2023-02-28,-0.1,0.1,3.5,2023-04-04,2023-04-04
387,395086,391,"Sevierville, TN",msa,TN,2023-02-28,0.6,0.9,7.1,2023-04-04,2023-04-04
388,395090,392,"Shelby, NC",msa,NC,2023-02-28,3.1,3.7,7.9,2023-04-04,2023-04-04
389,395038,393,"Rome, GA",msa,GA,2023-02-28,1.1,1.3,4.2,2023-04-04,2023-04-04
390,394852,394,"Meridian, MS",msa,MS,2023-02-28,1.1,0.4,-1.3,2023-04-04,2023-04-04
391,394302,395,"Adrian, MI",msa,MI,2023-02-28,0.3,-0.2,-0.5,2023-04-04,2023-04-04
392,394542,396,"Dubuque, IA",msa,IA,2023-02-28,0.2,-0.1,-0.9,2023-04-04,2023-04-04
393,394441,397,"Cape Girardeau, MO",msa,MO,2023-02-28,0.9,1.6,2.3,2023-04-04,2023-04-04
394,394311,398,"Albertville, AL",msa,AL,2023-02-28,1.3,2,3.9,2023-04-04,2023-04-04
395,394513,399,"Cumberland, MD",msa,MD,2023-02-28,0.9,1,0.9,2023-04-04,2023-04-04
396,394340,400,"Ashtabula, OH",msa,OH,2023-02-28,0.1,-0.1,1,2023-04-04,2023-04-04
397,394988,401,"Pocatello, ID",msa,ID,2023-02-28,0.2,0.5,3.5,2023-04-04,2023-04-04
398,394953,402,"Paducah, KY",msa,KY,2023-02-28,1.5,1.1,0.4,2023-04-04,2023-04-04
399,394580,403,"Fairbanks, AK",msa,AK,2023-02-28,0.7,0.6,-2.7,2023-04-04,2023-04-04
400,394410,404,"Brainerd, MN",msa,MN,2023-02-28,0,0.1,1.4,2023-04-04,2023-04-04
401,394501,405,"Corning, NY",msa,NY,2023-02-28,-0.4,-0.8,-0.7,2023-04-04,2023-04-04
402,394505,406,"Corvallis, OR",msa,OR,2023-02-28,0,-0.2,-0.6,2023-04-04,2023-04-04
403,394469,407,"Clarksburg, WV",msa,WV,2023-02-28,0.4,0.2,-2,2023-04-04,2023-04-04
404,394911,408,"New Philadelphia, OH",msa,OH,2023-02-28,-0.1,-0.6,-1,2023-04-04,2023-04-04
405,394928,409,"Ocean City, NJ",msa,NJ,2023-02-28,0.5,1.1,3.5,2023-04-04,2023-04-04
406,395140,410,"Sunbury, PA",msa,PA,2023-02-28,3.1,2.8,1.3,2023-04-04,2023-04-04
407,753887,411,"Hermiston, OR",msa,OR,2023-02-28,0.1,0.3,2.4,2023-04-04,2023-04-04
408,394964,412,"Parkersburg, WV",msa,WV,2023-02-28,0.3,-0.2,-1,2023-04-04,2023-04-04
409,394641,413,"Grants Pass, OR",msa,OR,2023-02-28,-0.3,-0.9,-1.5,2023-04-04,2023-04-04
410,394373,414,"Beaver Dam, WI",msa,WI,2023-02-28,0.6,0.2,-0.3,2023-04-04,2023-04-04
411,394809,415,"Lufkin, TX",msa,TX,2023-02-28,0.8,0.4,0.5,2023-04-04,2023-04-04
412,394980,416,"Pine Bluff, AR",msa,AR,2023-02-28,3.5,3.7,3.8,2023-04-04,2023-04-04
413,395175,417,"Ukiah, CA",msa,CA,2023-02-28,0.4,-0.2,-3.4,2023-04-04,2023-04-04
414,395248,418,"Zanesville, OH",msa,OH,2023-02-28,0.3,0.2,0.8,2023-04-04,2023-04-04
415,394925,419,"Oak Harbor, WA",msa,WA,2023-02-28,-0.3,-0.9,-0.7,2023-04-04,2023-04-04
416,395042,420,"Russellville, AR",msa,AR,2023-02-28,1.1,0.7,-0.7,2023-04-04,2023-04-04
417,394942,421,"Orangeburg, SC",msa,SC,2023-02-28,1.7,1.6,1.4,2023-04-04,2023-04-04
418,394907,422,"New Castle, PA",msa,PA,2023-02-28,0.3,0,0.3,2023-04-04,2023-04-04
419,395212,423,"Watertown, WI",msa,WI,2023-02-28,0.6,0.4,-0.2,2023-04-04,2023-04-04
420,394511,424,"Cullman, AL",msa,AL,2023-02-28,2,2.4,3.5,2023-04-04,2023-04-04
421,394489,425,"Columbus, IN",msa,IN,2023-02-28,0.3,0.3,0.5,2023-04-04,2023-04-04
422,394776,426,"Laurel, MS",msa,MS,2023-02-28,0.9,0,-1.8,2023-04-04,2023-04-04
423,394345,427,"Athens, TX",msa,TX,2023-02-28,0.8,0.8,3.1,2023-04-04,2023-04-04
424,394847,428,"Meadville, PA",msa,PA,2023-02-28,1.1,1.1,0.6,2023-04-04,2023-04-04
425,394704,429,"Indiana, PA",msa,PA,2023-02-28,0.1,-0.9,-3.7,2023-04-04,2023-04-04
426,394859,430,"Midland, MI",msa,MI,2023-02-28,0.9,1,1.8,2023-04-04,2023-04-04
427,394682,431,"Hinesville, GA",msa,GA,2023-02-28,0.5,0.6,2.3,2023-04-04,2023-04-04
428,394395,432,"Bloomsburg, PA",msa,PA,2023-02-28,1.1,0.9,-0.9,2023-04-04,2023-04-04
429,394755,433,"Kokomo, IN",msa,IN,2023-02-28,0.2,-0.2,-0.6,2023-04-04,2023-04-04
430,394568,434,"Elmira, NY",msa,NY,2023-02-28,0.2,-0.4,-1.1,2023-04-04,2023-04-04
431,394675,435,"Helena, MT",msa,MT,2023-02-28,0.4,0.5,2.2,2023-04-04,2023-04-04
432,394452,436,"Centralia, WA",msa,WA,2023-02-28,-0.1,-0.1,3,2023-04-04,2023-04-04
433,395231,437,"Wilson, NC",msa,NC,2023-02-28,0.4,0.6,3.2,2023-04-04,2023-04-04
434,395133,438,"Stillwater, OK",msa,OK,2023-02-28,0,-0.5,-1.7,2023-04-04,2023-04-04
435,394941,439,"Opelousas, LA",msa,LA,2023-02-28,2.1,1.4,-2.4,2023-04-04,2023-04-04
436,394644,440,"Great Falls, MT",msa,MT,2023-02-28,0.8,1,1.3,2023-04-04,2023-04-04
437,395126,441,"Statesboro, GA",msa,GA,2023-02-28,0.3,0.2,1.4,2023-04-04,2023-04-04
438,394445,442,"Casper, WY",msa,WY,2023-02-28,0.6,0.4,-0.7,2023-04-04,2023-04-04
439,395085,443,"Seneca, SC",msa,SC,2023-02-28,0.6,1.2,4,2023-04-04,2023-04-04
440,395145,444,"Talladega, AL",msa,AL,2023-02-28,1.2,1.1,1.8,2023-04-04,2023-04-04
441,394986,445,"Plattsburgh, NY",msa,NY,2023-02-28,-0.4,-0.9,-1.4,2023-04-04,2023-04-04
442,395205,446,"Warsaw, IN",msa,IN,2023-02-28,0.4,0.7,1.2,2023-04-04,2023-04-04
443,394822,447,"Manitowoc, WI",msa,WI,2023-02-28,1,1.2,2.2,2023-04-04,2023-04-04
444,395077,448,"Searcy, AR",msa,AR,2023-02-28,1.6,2.1,1.6,2023-04-04,2023-04-04
445,394541,449,"DuBois, PA",msa,PA,2023-02-28,2.1,1.3,-0.4,2023-04-04,2023-04-04
446,753881,450,"Glenwood Springs, CO",msa,CO,2023-02-28,0.1,0.5,3.1,2023-04-04,2023-04-04
447,394994,451,"Port Angeles, WA",msa,WA,2023-02-28,0,-0.1,1.2,2023-04-04,2023-04-04
448,394674,452,"Heber, UT",msa,UT,2023-02-28,0,-0.3,3.3,2023-04-04,2023-04-04
449,394866,453,"Minot, ND",msa,ND,2023-02-28,0.1,-0.8,-4.1,2023-04-04,2023-04-04
450,394465,454,"Chillicothe, OH",msa,OH,2023-02-28,1,1.2,2.3,2023-04-04,2023-04-04
451,394738,455,"Keene, NH",msa,NH,2023-02-28,0,0.2,1.7,2023-04-04,2023-04-04
452,753893,456,"Jefferson, GA",msa,GA,2023-02-28,0.3,0.3,2.9,2023-04-04,2023-04-04
453,394350,457,"Auburn, NY",msa,NY,2023-02-28,0.4,0.4,0.6,2023-04-04,2023-04-04
454,394298,458,"Aberdeen, WA",msa,WA,2023-02-28,0.2,-0.1,3.4,2023-04-04,2023-04-04
455,394936,459,"Olean, NY",msa,NY,2023-02-28,0,0.1,1.9,2023-04-04,2023-04-04
456,394593,460,"Findlay, OH",msa,OH,2023-02-28,0.3,0,-1.4,2023-04-04,2023-04-04
457,394638,461,"Grand Island, NE",msa,NE,2023-02-28,0,-0.3,-0.6,2023-04-04,2023-04-04
458,394516,462,"Danville, IL",msa,IL,2023-02-28,1,-0.4,-2.8,2023-04-04,2023-04-04
459,394955,463,"Palatka, FL",msa,FL,2023-02-28,1.7,2.4,7.4,2023-04-04,2023-04-04
460,395010,464,"Quincy, IL",msa,IL,2023-02-28,0.2,-0.4,-2.3,2023-04-04,2023-04-04
461,394999,465,"Portsmouth, OH",msa,OH,2023-02-28,-0.2,-1,-1.3,2023-04-04,2023-04-04
462,394614,466,"Frankfort, KY",msa,KY,2023-02-28,0.6,0.3,0.4,2023-04-04,2023-04-04
463,394744,467,"Key West, FL",msa,FL,2023-02-28,-0.4,-0.8,1.8,2023-04-04,2023-04-04
464,395062,468,"Sandusky, OH",msa,OH,2023-02-28,0.5,0.6,0.9,2023-04-04,2023-04-04
465,395088,469,"Shawnee, OK",msa,OK,2023-02-28,0.3,0.6,2.8,2023-04-04,2023-04-04
466,395106,470,"Somerset, PA",msa,PA,2023-02-28,0.5,0.6,0.9,2023-04-04,2023-04-04
467,394764,471,"Lake City, FL",msa,FL,2023-02-28,0,0,2.6,2023-04-04,2023-04-04
468,753928,472,"Wisconsin Rapids, WI",msa,WI,2023-02-28,0.9,0.6,0,2023-04-04,2023-04-04
469,394699,473,"Huntsville, TX",msa,TX,2023-02-28,0.4,0.1,1.6,2023-04-04,2023-04-04
470,394736,474,"Kapaa, HI",msa,HI,2023-02-28,-0.1,-0.4,0.4,2023-04-04,2023-04-04
471,394683,475,"Hobbs, NM",msa,NM,2023-02-28,0.8,-1.5,-6.7,2023-04-04,2023-04-04
472,394884,476,"Mount Airy, NC",msa,NC,2023-02-28,-0.1,-0.2,0.6,2023-04-04,2023-04-04
473,394655,478,"Greenwood, SC",msa,SC,2023-02-28,0.8,1,2.7,2023-04-04,2023-04-04
474,395132,479,"Stevens Point, WI",msa,WI,2023-02-28,0.7,0,-1.5,2023-04-04,2023-04-04
475,394626,480,"Gallup, NM",msa,NM,2023-02-28,0.8,0.5,-1.2,2023-04-04,2023-04-04
476,394647,481,"Greeneville, TN",msa,TN,2023-02-28,,3.8,8,2023-04-04,2023-04-04
477,394877,482,"Morehead City, NC",msa,NC,2023-02-28,0.4,0.9,3.1,2023-04-04,2023-04-04
478,394885,483,"Mount Pleasant, MI",msa,MI,2023-02-28,1.2,1.1,1,2023-04-04,2023-04-04
479,394752,484,"Klamath Falls, OR",msa,OR,2023-02-28,0.1,0.2,2.5,2023-04-04,2023-04-04
480,395027,485,"Roanoke Rapids, NC",msa,NC,2023-02-28,1.8,2.9,5.4,2023-04-04,2023-04-04
481,395092,486,"Shelton, WA",msa,WA,2023-02-28,-0.1,-0.1,2.9,2023-04-04,2023-04-04
482,394922,487,"North Wilkesboro, NC",msa,NC,2023-02-28,0.8,1.2,4.2,2023-04-04,2023-04-04
483,394305,488,"Alamogordo, NM",msa,NM,2023-02-28,0.2,0.2,1.9,2023-04-04,2023-04-04
484,394897,489,"Muskogee, OK",msa,OK,2023-02-28,0.4,0.5,1.7,2023-04-04,2023-04-04
485,394586,490,"Faribault, MN",msa,MN,2023-02-28,0.2,-0.3,-1.6,2023-04-04,2023-04-04
486,394600,491,"Forest City, NC",msa,NC,2023-02-28,0.1,0.1,3.4,2023-04-04,2023-04-04
487,394587,492,"Farmington, MO",msa,MO,2023-02-28,0.7,0.7,0.5,2023-04-04,2023-04-04
488,394829,493,"Marquette, MI",msa,MI,2023-02-28,0.7,0.3,1,2023-04-04,2023-04-04
489,395021,494,"Richmond, IN",msa,IN,2023-02-28,0.9,0.8,0.5,2023-04-04,2023-04-04
490,395105,495,"Somerset, KY",msa,KY,2023-02-28,2.8,4.2,9.3,2023-04-04,2023-04-04
491,394343,496,"Athens, OH",msa,OH,2023-02-28,0.1,-0.7,-1.8,2023-04-04,2023-04-04
492,394826,497,"Marion, IN",msa,IN,2023-02-28,0.6,0.3,0.7,2023-04-05,2023-04-05
493,394827,498,"Marion, OH",msa,OH,2023-02-28,0.5,0.8,2.2,2023-04-06,2023-04-06
494,394899,499,"Nacogdoches, TX",msa,TX,2023-02-28,1.3,1.1,1.1,2023-04-07,2023-04-07
495,394496,500,"Coos Bay, OR",msa,OR,2023-02-28,-0.1,-0.2,1.3,2023-04-08,2023-04-08
496,395040,500,"Roswell, NM",msa,NM,2023-02-28,3.4,4.7,5.1,2023-04-09,2023-04-09
497,395016,502,"Red Bluff, CA",msa,CA,2023-02-28,-0.4,-0.9,-1,2023-04-10,2023-04-10
498,394472,503,"Clearlake, CA",msa,CA,2023-02-28,-0.1,-0.4,-0.7,2023-04-11,2023-04-11
499,394360,504,"Baraboo, WI",msa,WI,2023-02-28,0.9,0.7,0.5,2023-04-12,2023-04-12
500,395024,505,"Rio Grande City, TX",msa,TX,2023-02-28,,2.8,2,2023-04-13,2023-04-13
501,394540,506,"Dublin, GA",msa,GA,2023-02-28,1.6,1.6,2,2023-04-14,2023-04-14
502,394787,507,"Lewiston, ID",msa,ID,2023-02-28,0,-0.1,1.4,2023-04-15,2023-04-15
503,394629,509,"Georgetown, SC",msa,SC,2023-02-28,0.3,0.5,2.2,2023-04-16,2023-04-16
504,394309,510,"Albemarle, NC",msa,NC,2023-02-28,0.4,0.8,4.1,2023-04-17,2023-04-17
505,394825,512,"Marinette, WI",msa,WI,2023-02-28,0.8,0.2,1.8,2023-04-18,2023-04-18
506,394836,513,"Martinsville, VA",msa,VA,2023-02-28,1.9,2.1,2.3,2023-04-19,2023-04-19
507,394889,514,"Mount Vernon, OH",msa,OH,2023-02-28,0.6,0.7,1.8,2023-04-20,2023-04-20
508,395063,515,"Sanford, NC",msa,NC,2023-02-28,1.2,2.3,5,2023-04-21,2023-04-21
509,394701,516,"Hutchinson, KS",msa,KS,2023-02-28,1,1.4,1.3,2023-04-22,2023-04-22
510,394509,517,"Crossville, TN",msa,TN,2023-02-28,0.8,1.5,5.4,2023-04-23,2023-04-23
511,394759,518,"Laconia, NH",msa,NH,2023-02-28,-0.2,0.2,3.3,2023-04-24,2023-04-24
512,395199,519,"Walla Walla, WA",msa,WA,2023-02-28,0.2,0.2,1.5,2023-04-25,2023-04-25
513,394456,520,"Charleston, IL",msa,IL,2023-02-28,1.2,0.5,-0.4,2023-04-26,2023-04-26
514,394631,521,"Gillette, WY",msa,WY,2023-02-28,0.2,0,-3,2023-04-27,2023-04-27
515,394570,522,"Enid, OK",msa,OK,2023-02-28,0.5,0,-3.7,2023-04-28,2023-04-28
516,395136,523,"Sturgis, MI",msa,MI,2023-02-28,0.5,0.3,0.1,2023-04-29,2023-04-29
517,395071,524,"Sayre, PA",msa,PA,2023-02-28,-0.1,-0.7,-2.9,2023-04-30,2023-04-30
518,753903,525,"Marietta, OH",msa,OH,2023-02-28,0.4,-0.1,-1.3,2023-05-01,2023-05-01
519,395049,526,"Salina, KS",msa,KS,2023-02-28,0.5,0.7,0.2,2023-05-02,2023-05-02
520,394693,527,"Hudson, NY",msa,NY,2023-02-28,0.1,0.5,2.7,2023-05-03,2023-05-03
521,395124,528,"Starkville, MS",msa,MS,2023-02-28,0.6,0.1,-1.8,2023-05-04,2023-05-04
522,394432,529,"Calhoun, GA",msa,GA,2023-02-28,0.6,1.1,3.8,2023-05-05,2023-05-05
523,394591,530,"Fergus Falls, MN",msa,MN,2023-02-28,1.2,1.4,2.5,2023-05-06,2023-05-06
524,394939,531,"Oneonta, NY",msa,NY,2023-02-28,0.2,-0.4,-1.1,2023-05-07,2023-05-07
525,394336,532,"Ardmore, OK",msa,OK,2023-02-28,0.3,0.6,1.5,2023-05-08,2023-05-08
526,394443,533,"Carlsbad, NM",msa,NM,2023-02-28,-1,-2.4,-4.1,2023-05-09,2023-05-09
527,394551,534,"Eagle Pass, TX",msa,TX,2023-02-28,1,0.2,-2.8,2023-05-10,2023-05-10
528,394618,535,"Fremont, OH",msa,OH,2023-02-28,0.1,-0.4,-1,2023-05-11,2023-05-11
529,394362,536,"Barre, VT",msa,VT,2023-02-28,1.6,1.8,1.7,2023-05-12,2023-05-12
530,394592,537,"Fernley, NV",msa,NV,2023-02-28,-0.5,-1.2,-1.7,2023-05-13,2023-05-13
531,394490,538,"Columbus, MS",msa,MS,2023-02-28,1.1,0.1,-1.4,2023-05-14,2023-05-14
532,753877,539,"Cullowhee, NC",msa,NC,2023-02-28,0.2,0.4,3.2,2023-05-15,2023-05-15
533,394923,540,"Norwalk, OH",msa,OH,2023-02-28,0,-0.6,-1.6,2023-05-16,2023-05-16
534,394956,541,"Palestine, TX",msa,TX,2023-02-28,0.5,0.1,1,2023-05-17,2023-05-17
535,395044,542,"Rutland, VT",msa,VT,2023-02-28,1.2,1.3,1.5,2023-05-18,2023-05-18
536,394605,543,"Fort Madison, IA",msa,IA,2023-02-28,0.2,-0.7,-2.9,2023-05-19,2023-05-19
537,394621,544,"Gaffney, SC",msa,SC,2023-02-28,2.7,2.4,3.2,2023-05-20,2023-05-20
538,394365,545,"Batavia, NY",msa,NY,2023-02-28,0,-0.2,-0.4,2023-05-21,2023-05-21
539,394446,546,"Cedar City, UT",msa,UT,2023-02-28,0.4,0.3,2.6,2023-05-22,2023-05-22
540,394737,547,"Kearney, NE",msa,NE,2023-02-28,0.4,0.1,-0.9,2023-05-23,2023-05-23
541,394547,548,"Durango, CO",msa,CO,2023-02-28,-0.2,-0.6,0.1,2023-05-24,2023-05-24
542,394402,549,"Boone, NC",msa,NC,2023-02-28,0.3,0.8,4.2,2023-05-25,2023-05-25
543,394989,550,"Point Pleasant, WV",msa,OH,2023-02-28,0.2,0,0,2023-05-26,2023-05-26
544,394411,551,"Branson, MO",msa,MO,2023-02-28,0.3,0.7,4,2023-05-27,2023-05-27
545,394444,552,"Carson City, NV",msa,NV,2023-02-28,-0.5,-1.2,-2,2023-05-28,2023-05-28
546,394582,553,"Fairmont, WV",msa,WV,2023-02-28,1.3,1.7,0.8,2023-05-29,2023-05-29
547,394977,554,"Picayune, MS",msa,MS,2023-02-28,1.3,0.3,-1.3,2023-05-30,2023-05-30
548,394940,555,"Ontario, OR",msa,OR,2023-02-28,-0.3,-0.1,5.7,2023-05-31,2023-05-31
549,394750,556,"Kinston, NC",msa,NC,2023-02-28,0.6,0.9,4.2,2023-06-01,2023-06-01
550,394993,557,"Poplar Bluff, MO",msa,MO,2023-02-28,1,0.7,-0.7,2023-06-02,2023-06-02
551,395122,558,"St. Marys, GA",msa,GA,2023-02-28,0.2,-0.1,1,2023-06-03,2023-06-03
552,395216,559,"Waycross, GA",msa,GA,2023-02-28,0.9,0.8,3.3,2023-06-04,2023-06-04
553,394366,560,"Batesville, AR",msa,AR,2023-02-28,2.1,2,1.1,2023-06-05,2023-06-05
554,394566,561,"Elko, NV",msa,NV,2023-02-28,-0.2,-0.9,-2.1,2023-06-06,2023-06-06
555,395157,562,"Tiffin, OH",msa,OH,2023-02-28,0.2,-0.2,-0.7,2023-06-07,2023-06-07
556,394556,563,"Edwards, CO",msa,CO,2023-02-28,0,-0.1,4.8,2023-06-08,2023-06-08
557,394721,564,"Jasper, IN",msa,IN,2023-02-28,0.6,0.7,0.2,2023-06-09,2023-06-09
558,394517,565,"Danville, KY",msa,KY,2023-02-28,0.8,1,2.7,2023-06-10,2023-06-10
559,395131,566,"Sterling, IL",msa,IL,2023-02-28,0.5,-0.4,-2.2,2023-06-11,2023-06-11
560,753920,567,"Sonora, CA",msa,CA,2023-02-28,-0.1,-0.6,-2.1,2023-06-12,2023-06-12
561,394951,568,"Oxford, MS",msa,MS,2023-02-28,0.7,1.1,-0.3,2023-06-13,2023-06-13
562,394632,569,"Glasgow, KY",msa,KY,2023-02-28,1,0.9,1.1,2023-06-14,2023-06-14
563,394967,570,"Payson, AZ",msa,AZ,2023-02-28,0.6,0.6,3.7,2023-06-15,2023-06-15
564,395204,571,"Warrensburg, MO",msa,MO,2023-02-28,1,1.4,2.2,2023-06-16,2023-06-16
565,394344,572,"Athens, TN",msa,TN,2023-02-28,1.9,2.5,5.4,2023-06-17,2023-06-17
566,394562,573,"Elizabeth City, NC",msa,NC,2023-02-28,0.6,0.7,1.3,2023-06-18,2023-06-18
567,394861,574,"Milledgeville, GA",msa,GA,2023-02-28,1.1,1.8,3.9,2023-06-19,2023-06-19
568,395020,575,"Rexburg, ID",msa,ID,2023-02-28,-0.4,-0.7,3.1,2023-06-20,2023-06-20
569,394339,576,"Ashland, OH",msa,OH,2023-02-28,0.3,0.5,1.4,2023-06-21,2023-06-21
570,394571,577,"Enterprise, AL",msa,AL,2023-02-28,1,1,-0.1,2023-06-22,2023-06-22
571,394717,578,"Jacksonville, TX",msa,TX,2023-02-28,0.4,0.7,3.4,2023-06-23,2023-06-23
572,394742,579,"Kerrville, TX",msa,TX,2023-02-28,0.3,0,1.2,2023-06-24,2023-06-24
573,394634,580,"Gloversville, NY",msa,NY,2023-02-28,0.3,0.4,1.1,2023-06-25,2023-06-25
574,394604,581,"Fort Leonard Wood, MO",msa,MO,2023-02-28,1.4,2,1.9,2023-06-26,2023-06-26
575,394363,582,"Bartlesville, OK",msa,OK,2023-02-28,0.5,0.4,1,2023-06-27,2023-06-27
576,394538,583,"Douglas, GA",msa,GA,2023-02-28,0.7,0.1,0.9,2023-06-28,2023-06-28
577,395073,584,"Scottsboro, AL",msa,AL,2023-02-28,,1.8,3,2023-06-29,2023-06-29
578,394316,585,"Alice, TX",msa,TX,2023-02-28,2.2,0.1,-4.5,2023-06-30,2023-06-30
579,394652,586,"Greenville, OH",msa,OH,2023-02-28,0.3,0.1,1,2023-07-01,2023-07-01
580,394985,587,"Platteville, WI",msa,WI,2023-02-28,0.4,-0.1,-0.5,2023-07-02,2023-07-02
581,394503,589,"Corsicana, TX",msa,TX,2023-02-28,1.3,1.7,4.4,2023-07-03,2023-07-03
582,753905,590,"Newport, OR",msa,OR,2023-02-28,0,0.1,3,2023-07-04,2023-07-04
583,395234,591,"Winona, MN",msa,MN,2023-02-28,0,-0.2,-1.2,2023-07-05,2023-07-05
584,394933,592,"Oil City, PA",msa,PA,2023-02-28,0.1,0.1,0.5,2023-07-06,2023-07-06
585,395029,593,"Rochelle, IL",msa,IL,2023-02-28,0.5,-0.4,-1.7,2023-07-07,2023-07-07
586,395091,594,"Shelbyville, TN",msa,TN,2023-02-28,0.6,1,3.8,2023-07-08,2023-07-08
587,394819,595,"Malone, NY",msa,NY,2023-02-28,-0.2,0,1.2,2023-07-09,2023-07-09
588,394963,596,"Paris, TX",msa,TX,2023-02-28,1.3,1,2.3,2023-07-10,2023-07-10
589,395008,597,"Pullman, WA",msa,WA,2023-02-28,0.6,1,3.3,2023-07-11,2023-07-11
590,394838,598,"Mason City, IA",msa,IA,2023-02-28,0.2,0.8,2.5,2023-07-12,2023-07-12
591,394567,599,"Ellensburg, WA",msa,WA,2023-02-28,-0.1,-0.3,1.9,2023-07-13,2023-07-13
592,394903,600,"Natchez, MS",msa,LA,2023-02-28,1.7,0.7,-0.7,2023-07-14,2023-07-14
593,394326,601,"Amsterdam, NY",msa,NY,2023-02-28,0,0.1,1.1,2023-07-15,2023-07-15
594,394628,602,"Gardnerville Ranchos, NV",msa,NV,2023-02-28,-0.1,-0.4,0.7,2023-07-16,2023-07-16
595,394625,603,"Galesburg, IL",msa,IL,2023-02-28,0.3,-0.2,-1.2,2023-07-17,2023-07-17
596,394527,604,"Del Rio, TX",msa,TX,2023-02-28,1.9,2.1,2.2,2023-07-18,2023-07-18
597,395144,605,"Tahlequah, OK",msa,OK,2023-02-28,0.6,1.1,3.7,2023-07-19,2023-07-19
598,394548,606,"Durant, OK",msa,OK,2023-02-28,0.7,1.3,3.4,2023-07-20,2023-07-20
599,753911,607,"Ozark, AL",msa,AL,2023-02-28,1.6,1.5,1.6,2023-07-21,2023-07-21
600,394431,608,"Cadillac, MI",msa,MI,2023-02-28,2.1,2.4,5.9,2023-07-22,2023-07-22
601,394478,609,"Clovis, NM",msa,NM,2023-02-28,-0.2,-1.3,-4.2,2023-07-23,2023-07-23
602,395097,610,"Sidney, OH",msa,OH,2023-02-28,0.1,-0.1,-0.5,2023-07-24,2023-07-24
603,394878,611,"Morgan City, LA",msa,LA,2023-02-28,2.2,1,-3.7,2023-07-25,2023-07-25
604,394876,612,"Montrose, CO",msa,CO,2023-02-28,-0.1,-0.3,1,2023-07-26,2023-07-26
605,394954,613,"Pahrump, NV",msa,NV,2023-02-28,-0.1,0,3.9,2023-07-27,2023-07-27
606,394906,614,"New Castle, IN",msa,IN,2023-02-28,0.5,0.9,2.8,2023-07-28,2023-07-28
607,394608,615,"Fort Polk South, LA",msa,LA,2023-02-28,1.3,0.7,-1.7,2023-07-29,2023-07-29
608,394919,616,"Norfolk, NE",msa,NE,2023-02-28,0.4,0.2,-0.7,2023-07-30,2023-07-30
609,394437,617,"Ca-on City, CO",msa,CO,2023-02-28,0.2,0,1.8,2023-07-31,2023-07-31
610,394739,618,"Kendallville, IN",msa,IN,2023-02-28,0.6,1,1.8,2023-08-01,2023-08-01
611,394379,619,"Bemidji, MN",msa,MN,2023-02-28,0.3,-0.1,-0.1,2023-08-02,2023-08-02
612,394391,620,"Blackfoot, ID",msa,ID,2023-02-28,0.2,0.7,4.6,2023-08-03,2023-08-03
613,394504,621,"Cortland, NY",msa,NY,2023-02-28,-0.1,-0.5,-1.3,2023-08-04,2023-08-04
614,394887,622,"Mount Sterling, KY",msa,KY,2023-02-28,0.6,0,-0.7,2023-08-05,2023-08-05
615,395208,623,"Washington, NC",msa,NC,2023-02-28,0.6,1.4,3.2,2023-08-06,2023-08-06
616,753916,624,"Sandpoint, ID",msa,ID,2023-02-28,-0.6,-1.2,2.7,2023-08-07,2023-08-07
617,394918,625,"Nogales, AZ",msa,AZ,2023-02-28,0.1,0.4,3.1,2023-08-08,2023-08-08
618,395043,626,"Ruston, LA",msa,LA,2023-02-28,0.5,-0.1,-2.8,2023-08-09,2023-08-09
619,753865,627,"Bardstown, KY",msa,KY,2023-02-28,0.3,0.4,1.1,2023-08-10,2023-08-10
620,394477,628,"Clinton, IA",msa,IA,2023-02-28,0.4,0.4,-0.2,2023-08-11,2023-08-11
621,395017,629,"Red Wing, MN",msa,MN,2023-02-28,0.2,-0.3,-1.5,2023-08-12,2023-08-12
622,394987,630,"Plymouth, IN",msa,IN,2023-02-28,0.7,1,2.1,2023-08-13,2023-08-13
623,394789,631,"Lewistown, PA",msa,PA,2023-02-28,1.3,1.9,2.5,2023-08-14,2023-08-14
624,394500,632,"Cornelia, GA",msa,GA,2023-02-28,-0.1,-0.1,2,2023-08-15,2023-08-15
625,394886,633,"Mount Pleasant, TX",msa,TX,2023-02-28,2.4,3.1,4.1,2023-08-16,2023-08-16
626,753904,634,"Marion, NC",msa,NC,2023-02-28,0.1,0,2.1,2023-08-17,2023-08-17
627,394398,635,"Bogalusa, LA",msa,LA,2023-02-28,3.6,3.1,0.7,2023-08-18,2023-08-18
628,395201,636,"Wapakoneta, OH",msa,OH,2023-02-28,0.1,-0.3,-1,2023-08-19,2023-08-19
629,753889,637,"Hillsdale, MI",msa,MI,2023-02-28,0.9,0.9,1.6,2023-08-20,2023-08-20
630,394961,638,"Paragould, AR",msa,AR,2023-02-28,1,1.2,1.3,2023-08-21,2023-08-21
631,394883,639,"Moultrie, GA",msa,GA,2023-02-28,1.8,1.7,1.2,2023-08-22,2023-08-22
632,394375,640,"Bedford, IN",msa,IN,2023-02-28,0.2,0.4,2.6,2023-08-23,2023-08-23
633,394426,641,"Burley, ID",msa,ID,2023-02-28,0.1,0.7,4,2023-08-24,2023-08-24
634,394850,642,"Menomonie, WI",msa,WI,2023-02-28,0.2,0,0.1,2023-08-25,2023-08-25
635,753918,643,"Shawano, WI",msa,WI,2023-02-28,1,0.5,0.8,2023-08-26,2023-08-26
636,394377,644,"Bellefontaine, OH",msa,OH,2023-02-28,0.4,0.2,0.3,2023-08-27,2023-08-27
637,394427,646,"Burlington, IA",msa,IA,2023-02-28,0.3,-0.1,-2.5,2023-08-28,2023-08-28
638,394667,647,"Harrison, AR",msa,AR,2023-02-28,0,0.1,1.3,2023-08-29,2023-08-29
639,395189,648,"Vicksburg, MS",msa,MS,2023-02-28,0.9,-0.1,-3.6,2023-08-30,2023-08-30
640,394677,649,"Henderson, NC",msa,NC,2023-02-28,2.9,3.7,6.1,2023-08-31,2023-08-31
641,394817,650,"Madisonville, KY",msa,KY,2023-02-28,0.8,0.7,1.4,2023-09-01,2023-09-01
642,394695,651,"Huntingdon, PA",msa,PA,2023-02-28,1,1.4,0.9,2023-09-02,2023-09-02
643,394779,652,"Lawrenceburg, TN",msa,TN,2023-02-28,1.7,2.6,6.3,2023-09-03,2023-09-03
644,395037,653,"Rolla, MO",msa,MO,2023-02-28,0.5,0.7,0.9,2023-09-04,2023-09-04
645,395155,654,"Thomasville, GA",msa,GA,2023-02-28,1,1,1.6,2023-09-05,2023-09-05
646,395034,655,"Rockingham, NC",msa,NC,2023-02-28,3.7,4.2,5.8,2023-09-06,2023-09-06
647,394785,656,"Lewisburg, PA",msa,PA,2023-02-28,0.7,0.8,-0.3,2023-09-07,2023-09-07
648,395087,657,"Seymour, IN",msa,IN,2023-02-28,0.5,0.6,0.4,2023-09-08,2023-09-08
649,394384,658,"Big Rapids, MI",msa,MI,2023-02-28,1.6,2,3.1,2023-09-09,2023-09-09
650,394616,659,"Freeport, IL",msa,IL,2023-02-28,0.7,0.7,1.9,2023-09-10,2023-09-10
651,394842,660,"McAlester, OK",msa,OK,2023-02-28,0.1,0,0.8,2023-09-11,2023-09-11
652,394349,661,"Auburn, IN",msa,IN,2023-02-28,0.3,0.4,0.5,2023-09-12,2023-09-12
653,394482,662,"Coldwater, MI",msa,MI,2023-02-28,1.1,0.6,1.4,2023-09-13,2023-09-13
654,394990,663,"Ponca City, OK",msa,OK,2023-02-28,0.5,0.6,1.4,2023-09-14,2023-09-14
655,395129,664,"Stephenville, TX",msa,TX,2023-02-28,0.7,1,3.6,2023-09-15,2023-09-15
656,395228,665,"Willmar, MN",msa,MN,2023-02-28,0.7,0.7,0.8,2023-09-16,2023-09-16
657,394545,666,"Duncan, OK",msa,OK,2023-02-28,0.8,1,1.5,2023-09-17,2023-09-17
658,394448,667,"Cedartown, GA",msa,GA,2023-02-28,0,0.5,5.5,2023-09-18,2023-09-18
659,394650,668,"Greenville, MS",msa,MS,2023-02-28,6.6,5.8,-2,2023-09-19,2023-09-19
660,394476,669,"Clewiston, FL",msa,FL,2023-02-28,-0.3,-0.7,3,2023-09-20,2023-09-20
661,395032,670,"Rock Springs, WY",msa,WY,2023-02-28,0.5,0,-3.2,2023-09-21,2023-09-21
662,394297,671,"Aberdeen, SD",msa,SD,2023-02-28,0.6,0.2,-0.7,2023-09-22,2023-09-22
663,395081,672,"Sedalia, MO",msa,MO,2023-02-28,0.8,1.5,3.3,2023-09-23,2023-09-23
664,394895,673,"Muscatine, IA",msa,IA,2023-02-28,0.3,0.1,-0.7,2023-09-24,2023-09-24
665,394934,674,"Okeechobee, FL",msa,FL,2023-02-28,-0.1,0,2.9,2023-09-25,2023-09-25
666,394891,675,"Mountain Home, AR",msa,AR,2023-02-28,0.9,0.7,0.4,2023-09-26,2023-09-26
667,395230,676,"Wilmington, OH",msa,OH,2023-02-28,0.5,0.5,1.2,2023-09-27,2023-09-27
668,394558,677,"El Campo, TX",msa,TX,2023-02-28,0.7,0.2,-1.4,2023-09-28,2023-09-28
669,394845,678,"McMinnville, TN",msa,TN,2023-02-28,2,2.8,6.8,2023-09-29,2023-09-29
670,394624,679,"Gainesville, TX",msa,TX,2023-02-28,1.8,2.3,4.4,2023-09-30,2023-09-30
671,394424,680,"Bucyrus, OH",msa,OH,2023-02-28,-0.4,-1.2,0.2,2023-10-01,2023-10-01
672,394449,681,"Celina, OH",msa,OH,2023-02-28,0.6,0.4,0.8,2023-10-02,2023-10-02
673,753866,682,"Big Stone Gap, VA",msa,VA,2023-02-28,-0.5,-1.2,-2.5,2023-10-03,2023-10-03
674,394881,683,"Moscow, ID",msa,ID,2023-02-28,-0.1,-0.4,1.7,2023-10-04,2023-10-04
675,395158,684,"Tifton, GA",msa,GA,2023-02-28,0.7,0.5,0,2023-10-05,2023-10-05
676,394341,685,"Astoria, OR",msa,OR,2023-02-28,0.2,0.4,2.2,2023-10-06,2023-10-06
677,394409,686,"Bradford, PA",msa,PA,2023-02-28,1.6,1.2,-1.6,2023-10-07,2023-10-07
678,395082,687,"Selinsgrove, PA",msa,PA,2023-02-28,1.9,1.3,-0.3,2023-10-08,2023-10-08
679,394319,688,"Alma, MI",msa,MI,2023-02-28,2.3,2.5,3.6,2023-10-09,2023-10-09
680,395219,689,"West Plains, MO",msa,MO,2023-02-28,1.1,1.7,4.6,2023-10-10,2023-10-10
681,394354,690,"Austin, MN",msa,MN,2023-02-28,0.1,0.1,1.2,2023-10-11,2023-10-11
682,394397,691,"Blytheville, AR",msa,AR,2023-02-28,-0.2,-0.4,0.3,2023-10-12,2023-10-12
683,394627,692,"Garden City, KS",msa,KS,2023-02-28,1.1,1.6,1.5,2023-10-13,2023-10-13
684,394833,693,"Marshalltown, IA",msa,IA,2023-02-28,0.2,0.5,1,2023-10-14,2023-10-14
685,395026,694,"Riverton, WY",msa,WY,2023-02-28,0.5,0.7,1.1,2023-10-15,2023-10-15
686,394894,695,"Murray, KY",msa,KY,2023-02-28,1.8,2.7,10.9,2023-10-16,2023-10-16
687,395046,696,"Safford, AZ",msa,AZ,2023-02-28,0.5,0.5,1.6,2023-10-17,2023-10-17
688,394844,697,"McComb, MS",msa,MS,2023-02-28,-0.3,-2.6,-6.5,2023-10-18,2023-10-18
689,395178,698,"Urbana, OH",msa,OH,2023-02-28,0.2,0,0.7,2023-10-19,2023-10-19
690,394771,699,"Laramie, WY",msa,WY,2023-02-28,0.7,0.9,0.6,2023-10-20,2023-10-20
691,395203,700,"Warren, PA",msa,PA,2023-02-28,-0.7,-1,-1.2,2023-10-21,2023-10-21
692,394434,701,"Cambridge, OH",msa,OH,2023-02-28,0.9,0.3,0.9,2023-10-22,2023-10-22
693,394981,702,"Pittsburg, KS",msa,KS,2023-02-28,0.4,0.7,2.2,2023-10-23,2023-10-23
694,394663,703,"Hannibal, MO",msa,MO,2023-02-28,1.7,2.7,3.2,2023-10-24,2023-10-24
695,395227,704,"Williston, ND",msa,ND,2023-02-28,0.1,-0.6,-2.9,2023-10-25,2023-10-25
696,394574,705,"Espa-ola, NM",msa,NM,2023-02-28,2.1,2.1,3.1,2023-10-26,2023-10-26
697,394335,706,"Arcadia, FL",msa,FL,2023-02-28,-0.7,-0.9,2.3,2023-10-27,2023-10-27
698,394914,707,"Newberry, SC",msa,SC,2023-02-28,,2.8,4.7,2023-10-28,2023-10-28
699,394300,708,"Ada, OK",msa,OK,2023-02-28,1.3,2.1,5,2023-10-29,2023-10-29
700,394507,709,"Crawfordsville, IN",msa,IN,2023-02-28,0.3,0.4,1.7,2023-10-30,2023-10-30
701,394715,710,"Jacksonville, IL",msa,IL,2023-02-28,1,-0.4,-4.6,2023-10-31,2023-10-31
702,394315,711,"Alexandria, MN",msa,MN,2023-02-28,0.3,0,-0.5,2023-11-01,2023-11-01
703,395099,712,"Sikeston, MO",msa,MO,2023-02-28,0.2,-0.9,-3.5,2023-11-02,2023-11-02
704,394560,713,"El Dorado, AR",msa,AR,2023-02-28,1,0.6,-2,2023-11-03,2023-11-03
705,394799,714,"Lock Haven, PA",msa,PA,2023-02-28,0.2,0,-1.9,2023-11-04,2023-11-04
706,394522,716,"DeRidder, LA",msa,LA,2023-02-28,-0.2,-2.3,-5.4,2023-11-05,2023-11-05
707,394526,717,"Defiance, OH",msa,OH,2023-02-28,0.2,-0.2,-1.3,2023-11-06,2023-11-06
708,394904,718,"Natchitoches, LA",msa,LA,2023-02-28,1.5,1,-2,2023-11-07,2023-11-07
709,394422,719,"Brownwood, TX",msa,TX,2023-02-28,0.5,0.2,0.6,2023-11-08,2023-11-08
710,394654,720,"Greenwood, MS",msa,MS,2023-02-28,1.3,1.5,2.3,2023-11-09,2023-11-09
711,394745,721,"Kill Devil Hills, NC",msa,NC,2023-02-28,0.1,0.1,2.2,2023-11-10,2023-11-10
712,394801,722,"Logansport, IN",msa,IN,2023-02-28,0.5,0.5,2,2023-11-11,2023-11-11
713,395072,723,"Scottsbluff, NE",msa,NE,2023-02-28,0.7,0.9,-0.2,2023-11-12,2023-11-12
714,394690,724,"Houghton, MI",msa,MI,2023-02-28,1.2,0.5,0.7,2023-11-13,2023-11-13
715,394888,725,"Mount Vernon, IL",msa,IL,2023-02-28,1.3,-0.3,-2.1,2023-11-14,2023-11-14
716,395137,726,"Sulphur Springs, TX",msa,TX,2023-02-28,0.9,0.9,2.7,2023-11-15,2023-11-15
717,394451,727,"Centralia, IL",msa,IL,2023-02-28,0.3,-0.5,-2,2023-11-16,2023-11-16
718,394554,728,"Easton, MD",msa,MD,2023-02-28,0.6,0.7,-0.1,2023-11-17,2023-11-17
719,395069,729,"Sault Ste. Marie, MI",msa,MI,2023-02-28,0.9,0.1,1.5,2023-11-18,2023-11-18
720,394499,730,"Corinth, MS",msa,MS,2023-02-28,0.7,-0.3,-2.5,2023-11-19,2023-11-19
721,394840,731,"Mayfield, KY",msa,KY,2023-02-28,0.6,0.6,2.6,2023-11-20,2023-11-20
722,394370,732,"Bay City, TX",msa,TX,2023-02-28,0.7,0.1,-2.5,2023-11-21,2023-11-21
723,394436,733,"Campbellsville, KY",msa,KY,2023-02-28,0.6,0.6,1.9,2023-11-22,2023-11-22
724,394550,734,"Dyersburg, TN",msa,TN,2023-02-28,1.1,0.7,-0.4,2023-11-23,2023-11-23
725,394948,735,"Owatonna, MN",msa,MN,2023-02-28,0.6,0.6,0.4,2023-11-24,2023-11-24
726,394385,736,"Big Spring, TX",msa,TX,2023-02-28,1.1,-1.6,-5.2,2023-11-25,2023-11-25
727,395192,737,"Vincennes, IN",msa,IN,2023-02-28,0.4,0.2,0.2,2023-11-26,2023-11-26
728,394506,738,"Coshocton, OH",msa,OH,2023-02-28,0.5,0.5,1.6,2023-11-27,2023-11-27
729,394696,739,"Huntington, IN",msa,IN,2023-02-28,0.5,0.6,0.9,2023-11-28,2023-11-28
730,394915,741,"Newport, TN",msa,TN,2023-02-28,,3.4,6.7,2023-11-29,2023-11-29
731,394617,742,"Fremont, NE",msa,NE,2023-02-28,0.3,0.4,0.6,2023-11-30,2023-11-30
732,395083,743,"Selma, AL",msa,AL,2023-02-28,2.8,2.2,-1.1,2023-12-01,2023-12-01
733,394713,744,"Jackson, WY",msa,WY,2023-02-28,-0.2,0.1,6.1,2023-12-02,2023-12-02
734,395191,745,"Vidalia, GA",msa,GA,2023-02-28,1.6,1.7,2,2023-12-03,2023-12-03
735,395187,746,"Vernal, UT",msa,UT,2023-02-28,0.3,0.2,2.3,2023-12-04,2023-12-04
736,394781,749,"Lebanon, MO",msa,MO,2023-02-28,0.6,0.8,2.6,2023-12-05,2023-12-05
737,394525,750,"Decatur, IN",msa,IN,2023-02-28,0.6,0.7,0.4,2023-12-06,2023-12-06
738,394413,751,"Brenham, TX",msa,TX,2023-02-28,0.3,-0.1,0.3,2023-12-07,2023-12-07
739,394702,752,"Hutchinson, MN",msa,MN,2023-02-28,0.6,0.7,0.1,2023-12-08,2023-12-08
740,394569,753,"Emporia, KS",msa,KS,2023-02-28,1.1,1.9,3.3,2023-12-09,2023-12-09
741,394573,754,"Escanaba, MI",msa,MI,2023-02-28,1.2,0.8,0.4,2023-12-10,2023-12-10
742,394419,755,"Brookings, SD",msa,SD,2023-02-28,0.6,1,0.4,2023-12-11,2023-12-11
743,394920,756,"North Platte, NE",msa,NE,2023-02-28,0.2,0.1,-1.6,2023-12-12,2023-12-12
744,394992,757,"Pontiac, IL",msa,IL,2023-02-28,0.3,-0.3,-1.3,2023-12-13,2023-12-13
745,394382,758,"Bennington, VT",msa,VT,2023-02-28,1.2,1.4,2.2,2023-12-14,2023-12-14
746,394973,759,"Peru, IN",msa,IN,2023-02-28,0.8,0.8,1.6,2023-12-15,2023-12-15
747,394430,760,"Butte, MT",msa,MT,2023-02-28,0.7,0.8,3.3,2023-12-16,2023-12-16
748,394786,761,"Lewisburg, TN",msa,TN,2023-02-28,0.9,1.5,4.9,2023-12-17,2023-12-17
749,394947,762,"Ottumwa, IA",msa,IA,2023-02-28,0.5,1.1,1.8,2023-12-18,2023-12-18
750,394331,763,"Angola, IN",msa,IN,2023-02-28,0.4,0.8,1.8,2023-12-19,2023-12-19
751,394777,764,"Laurinburg, NC",msa,NC,2023-02-28,0.3,1.5,4.4,2023-12-20,2023-12-20
752,394414,766,"Brevard, NC",msa,NC,2023-02-28,0.3,0.5,3.6,2023-12-21,2023-12-21
753,394324,767,"Americus, GA",msa,GA,2023-02-28,0,0.3,1.9,2023-12-22,2023-12-22
754,395211,768,"Watertown, SD",msa,SD,2023-02-28,0,-0.1,-0.3,2023-12-23,2023-12-23
755,394557,769,"Effingham, IL",msa,IL,2023-02-28,0.7,1.1,0.1,2023-12-24,2023-12-24
756,395084,770,"Seneca Falls, NY",msa,NY,2023-02-28,-0.1,-0.3,0.2,2023-12-25,2023-12-25
757,394417,771,"Brookhaven, MS",msa,MS,2023-02-28,2.3,2,0,2023-12-26,2023-12-26
758,753902,772,"Malvern, AR",msa,AR,2023-02-28,,2.1,2,2023-12-27,2023-12-27
759,394535,773,"Dixon, IL",msa,IL,2023-02-28,1.4,1.5,-0.3,2023-12-28,2023-12-28
760,395207,774,"Washington, IN",msa,IN,2023-02-28,1.1,1.7,2.9,2023-12-29,2023-12-29
761,753878,775,"Dayton, TN",msa,TN,2023-02-28,1.7,2.6,5,2023-12-30,2023-12-30
762,394491,776,"Columbus, NE",msa,NE,2023-02-28,0.2,-0.2,-1,2023-12-31,2023-12-31
763,394835,777,"Martin, TN",msa,TN,2023-02-28,1.4,1.8,3.2,2024-01-01,2024-01-01
764,394536,779,"Dodge City, KS",msa,KS,2023-02-28,0.8,1.1,0.9,2024-01-02,2024-01-02
765,394533,780,"Dickinson, ND",msa,ND,2023-02-28,0.6,-0.1,-4.4,2024-01-03,2024-01-03
766,395165,781,"Troy, AL",msa,AL,2023-02-28,0.6,-0.3,-2.7,2024-01-04,2024-01-04
767,394984,782,"Plainview, TX",msa,TX,2023-02-28,0.3,-1.1,-2.4,2024-01-05,2024-01-05
768,395149,783,"Taos, NM",msa,NM,2023-02-28,0.5,0.4,1.1,2024-01-06,2024-01-06
769,394376,784,"Beeville, TX",msa,TX,2023-02-28,1.8,0.6,-1.2,2024-01-07,2024-01-07
770,753892,785,"Jackson, OH",msa,OH,2023-02-28,0,-1.1,-2.1,2024-01-08,2024-01-08
771,394613,786,"Frankfort, IN",msa,IN,2023-02-28,0.5,0.5,2,2024-01-09,2024-01-09
772,394815,787,"Madison, IN",msa,IN,2023-02-28,1.1,1.3,1.9,2024-01-10,2024-01-10
773,395150,788,"Taylorville, IL",msa,IL,2023-02-28,1.2,0.5,-2.7,2024-01-11,2024-01-11
774,394962,789,"Paris, TN",msa,TN,2023-02-28,1,1.3,2.8,2024-01-12,2024-01-12
775,394433,790,"Cambridge, MD",msa,MD,2023-02-28,1.1,1.4,2.2,2024-01-13,2024-01-13
776,394730,791,"Juneau, AK",msa,AK,2023-02-28,0.2,-0.3,-3.7,2024-01-14,2024-01-14
777,394774,793,"Las Vegas, NM",msa,NM,2023-02-28,3.1,3.7,3.8,2024-01-15,2024-01-15
778,394481,794,"Coffeyville, KS",msa,KS,2023-02-28,-0.3,-0.8,0.5,2024-01-16,2024-01-16
779,394670,795,"Hastings, NE",msa,NE,2023-02-28,-0.2,-0.9,-2.1,2024-01-17,2024-01-17
780,394383,797,"Berlin, NH",msa,NH,2023-02-28,0.4,0.9,4.4,2024-01-18,2024-01-18
781,394855,798,"Miami, OK",msa,OK,2023-02-28,0.2,0.2,1.6,2024-01-19,2024-01-19
782,395093,799,"Sheridan, WY",msa,WY,2023-02-28,0.5,1,1.5,2024-01-20,2024-01-20
783,395196,800,"Wabash, IN",msa,IN,2023-02-28,0.5,0.5,0.4,2024-01-21,2024-01-21
784,394749,801,"Kingsville, TX",msa,TX,2023-02-28,0.5,-1,-4,2024-01-22,2024-01-22
785,753871,802,"Breckenridge, CO",msa,CO,2023-02-28,-0.9,-1.2,-0.1,2024-01-23,2024-01-23
786,394310,804,"Albert Lea, MN",msa,MN,2023-02-28,0.7,0.9,1.1,2024-01-24,2024-01-24
787,394473,805,"Cleveland, MS",msa,MS,2023-02-28,2.3,1.3,-4.6,2024-01-25,2024-01-25
788,395176,806,"Union City, TN",msa,TN,2023-02-28,1.1,1.3,2,2024-01-26,2024-01-26
789,394725,807,"Jesup, GA",msa,GA,2023-02-28,2.3,3.2,4.7,2024-01-27,2024-01-27
790,395141,808,"Susanville, CA",msa,CA,2023-02-28,-0.1,-0.7,-2.5,2024-01-28,2024-01-28
791,394751,809,"Kirksville, MO",msa,MO,2023-02-28,1.8,2.6,1.8,2024-01-29,2024-01-29
792,394708,811,"Iron Mountain, MI",msa,MI,2023-02-28,1.7,1.9,1.8,2024-01-30,2024-01-30
793,394864,813,"Mineral Wells, TX",msa,TX,2023-02-28,1.1,1.1,5.4,2024-01-31,2024-01-31
794,394812,814,"Macomb, IL",msa,IL,2023-02-28,0.1,-1.4,-4.1,2024-02-01,2024-02-01
795,753901,815,"Ludington, MI",msa,MI,2023-02-28,1.5,1.2,1.9,2024-02-02,2024-02-02
796,394606,816,"Fort Morgan, CO",msa,CO,2023-02-28,0.1,0.3,1.8,2024-02-03,2024-02-03
797,394740,817,"Kennett, MO",msa,MO,2023-02-28,-0.2,-2.5,-5.8,2024-02-04,2024-02-04
798,394673,818,"Hays, KS",msa,KS,2023-02-28,1.1,1.7,3.1,2024-02-05,2024-02-05
799,753926,819,"Weatherford, OK",msa,OK,2023-02-28,0.2,-0.1,-0.7,2024-02-06,2024-02-06
800,395206,820,"Washington Court House, OH",msa,OH,2023-02-28,0.4,0.1,0.2,2024-02-07,2024-02-07
801,394846,821,"McPherson, KS",msa,KS,2023-02-28,0.9,1.1,1.6,2024-02-08,2024-02-08
802,753879,822,"Elkins, WV",msa,WV,2023-02-28,0.4,0.1,-2.8,2024-02-09,2024-02-09
803,394795,823,"Lincoln, IL",msa,IL,2023-02-28,1.6,0.3,-2.8,2024-02-10,2024-02-10
804,394435,824,"Camden, AR",msa,AR,2023-02-28,2,1.3,0.4,2024-02-11,2024-02-11
805,394320,825,"Alpena, MI",msa,MI,2023-02-28,2,1.6,2.4,2024-02-12,2024-02-12
806,395185,826,"Van Wert, OH",msa,OH,2023-02-28,0.4,0.4,1,2024-02-13,2024-02-13
807,394508,828,"Crescent City, CA",msa,CA,2023-02-28,1.3,1.5,-0.6,2024-02-14,2024-02-14
808,394921,829,"North Vernon, IN",msa,IN,2023-02-28,0.8,1.1,2.2,2024-02-15,2024-02-15
809,394892,830,"Mountain Home, ID",msa,ID,2023-02-28,1.9,3.5,9.7,2024-02-16,2024-02-16
810,395100,831,"Silver City, NM",msa,NM,2023-02-28,1,0.8,-0.4,2024-02-17,2024-02-17
811,394615,833,"Fredericksburg, TX",msa,TX,2023-02-28,0.7,-0.1,1.3,2024-02-18,2024-02-18
812,395214,835,"Wauchula, FL",msa,FL,2023-02-28,0,0,3.2,2024-02-19,2024-02-19
813,395181,836,"Uvalde, TX",msa,TX,2023-02-28,2.5,1.6,0,2024-02-20,2024-02-20
814,394649,837,"Greensburg, IN",msa,IN,2023-02-28,0.6,0.8,1.4,2024-02-21,2024-02-21
815,394758,838,"La Grande, OR",msa,OR,2023-02-28,0.1,0.2,0.8,2024-02-22,2024-02-22
816,395154,839,"Thomaston, GA",msa,GA,2023-02-28,0.3,0.9,6.3,2024-02-23,2024-02-23
817,394356,840,"Bainbridge, GA",msa,GA,2023-02-28,1.6,2.2,4.2,2024-02-24,2024-02-24
818,753923,841,"The Dalles, OR",msa,OR,2023-02-28,0.2,0.5,2.1,2024-02-25,2024-02-25
819,394642,842,"Grants, NM",msa,NM,2023-02-28,-0.3,-0.8,-0.5,2024-02-26,2024-02-26
820,395110,843,"Spearfish, SD",msa,SD,2023-02-28,0.5,0.5,1.4,2024-02-27,2024-02-27
821,395159,844,"Toccoa, GA",msa,GA,2023-02-28,0.3,0.6,5.5,2024-02-28,2024-02-28
822,753909,845,"Ottawa, KS",msa,KS,2023-02-28,0.6,1.4,4.1,2024-02-29,2024-02-29
823,394643,846,"Great Bend, KS",msa,KS,2023-02-28,-0.5,-0.3,3.1,2024-03-01,2024-03-01
824,394381,847,"Bennettsville, SC",msa,SC,2023-02-28,3.9,3.5,2.3,2024-03-02,2024-03-02
825,753921,848,"Steamboat Springs, CO",msa,CO,2023-02-28,-0.2,0.7,5.7,2024-03-03,2024-03-03
826,394791,849,"Lexington, NE",msa,NE,2023-02-28,0.7,0.9,0.3,2024-03-04,2024-03-04
827,394858,850,"Middlesborough, KY",msa,KY,2023-02-28,4.2,3.5,1.3,2024-03-05,2024-03-05
828,394584,851,"Fallon, NV",msa,NV,2023-02-28,-0.5,-0.9,0.6,2024-03-06,2024-03-06
829,394830,852,"Marshall, MN",msa,MN,2023-02-28,0.8,0.2,-2.3,2024-03-07,2024-03-07
830,395004,853,"Prineville, OR",msa,OR,2023-02-28,0.1,0.1,2.2,2024-03-08,2024-03-08
831,394912,854,"New Ulm, MN",msa,MN,2023-02-28,0.4,0.2,-1.2,2024-03-09,2024-03-09
832,395138,855,"Summerville, GA",msa,GA,2023-02-28,2.3,2.9,7.7,2024-03-10,2024-03-10
833,394854,856,"Mexico, MO",msa,MO,2023-02-28,1.1,1.6,2.6,2024-03-11,2024-03-11
834,394706,857,"Indianola, MS",msa,MS,2023-02-28,0.6,-0.3,-2.9,2024-03-12,2024-03-12
835,394601,858,"Forrest City, AR",msa,AR,2023-02-28,2.6,1.7,-1.5,2024-03-13,2024-03-13
836,753884,859,"Hailey, ID",msa,ID,2023-02-28,-0.7,-0.9,2.7,2024-03-14,2024-03-14
837,394869,860,"Moberly, MO",msa,MO,2023-02-28,0.6,1,1.6,2024-03-15,2024-03-15
838,394322,861,"Altus, OK",msa,OK,2023-02-28,0.7,1,1.6,2024-03-16,2024-03-16
839,394529,862,"Deming, NM",msa,NM,2023-02-28,0.7,0,-1,2024-03-17,2024-03-17
840,395236,865,"Woodward, OK",msa,OK,2023-02-28,0.5,0.5,-1.6,2024-03-18,2024-03-18
841,394818,866,"Magnolia, AR",msa,AR,2023-02-28,-0.1,-1.4,-5.5,2024-03-19,2024-03-19
842,394418,867,"Brookings, OR",msa,OR,2023-02-28,0.3,0.6,1.5,2024-03-20,2024-03-20
843,394868,868,"Mitchell, SD",msa,SD,2023-02-28,0.8,0.9,0.4,2024-03-21,2024-03-21
844,394687,869,"Hood River, OR",msa,OR,2023-02-28,0.4,0.5,1.3,2024-03-22,2024-03-22
845,394784,870,"Levelland, TX",msa,TX,2023-02-28,0.6,-0.6,-2.6,2024-03-23,2024-03-23
846,394494,871,"Connersville, IN",msa,IN,2023-02-28,0.2,0.1,1.7,2024-03-24,2024-03-24
847,394831,872,"Marshall, MO",msa,MO,2023-02-28,2,3.2,6.4,2024-03-25,2024-03-25
848,395241,873,"Yankton, SD",msa,SD,2023-02-28,0.1,-0.3,-1.7,2024-03-26,2024-03-26
849,394959,874,"Pampa, TX",msa,TX,2023-02-28,1.8,1.3,-1,2024-03-27,2024-03-27
850,394945,875,"Oskaloosa, IA",msa,IA,2023-02-28,0.5,1.6,1.6,2024-03-28,2024-03-28
851,395198,876,"Wahpeton, ND",msa,ND,2023-02-28,0.4,0.2,-0.3,2024-03-29,2024-03-29
852,394337,877,"Arkadelphia, AR",msa,AR,2023-02-28,1.5,1.4,0.8,2024-03-30,2024-03-30
853,394498,878,"Cordele, GA",msa,GA,2023-02-28,-0.1,0,1.1,2024-03-31,2024-03-31
854,395130,879,"Sterling, CO",msa,CO,2023-02-28,0,0.4,2.7,2024-04-01,2024-04-01
855,394837,880,"Maryville, MO",msa,MO,2023-02-28,1.9,3.6,7.9,2024-04-02,2024-04-02
856,394470,881,"Clarksdale, MS",msa,MS,2023-02-28,-0.2,-2.1,-2.4,2024-04-03,2024-04-03
857,394564,882,"Elk City, OK",msa,OK,2023-02-28,0.3,-0.8,-4,2024-04-04,2024-04-04
858,394371,883,"Beatrice, NE",msa,NE,2023-02-28,-0.1,-0.3,-0.7,2024-04-05,2024-04-05
859,395239,884,"Worthington, MN",msa,MN,2023-02-28,1.2,1.1,1.1,2024-04-06,2024-04-06
860,395014,885,"Raymondville, TX",msa,TX,2023-02-28,,9.3,10.2,2024-04-07,2024-04-07
861,394793,886,"Liberal, KS",msa,KS,2023-02-28,-0.2,-0.9,-2.5,2024-04-08,2024-04-08
862,753914,887,"Port Lavaca, TX",msa,TX,2023-02-28,0.6,-0.1,-1,2024-04-09,2024-04-09
863,395003,888,"Price, UT",msa,UT,2023-02-28,1,1.3,4.3,2024-04-10,2024-04-10
864,394403,889,"Borger, TX",msa,TX,2023-02-28,1.3,-0.2,-2,2024-04-11,2024-04-11
865,394544,890,"Dumas, TX",msa,TX,2023-02-28,1.2,0.9,-1.6,2024-04-12,2024-04-12
866,394656,891,"Grenada, MS",msa,MS,2023-02-28,0.1,-0.7,-2.1,2024-04-13,2024-04-13
867,394700,892,"Huron, SD",msa,SD,2023-02-28,0.1,-0.2,-0.7,2024-04-14,2024-04-14
868,394718,892,"Jamestown, ND",msa,ND,2023-02-28,0.1,-1,-4.7,2024-04-15,2024-04-15
869,394979,894,"Pierre, SD",msa,SD,2023-02-28,0.7,0.8,-0.2,2024-04-16,2024-04-16
870,394578,896,"Evanston, WY",msa,WY,2023-02-28,0.6,0.9,1.7,2024-04-17,2024-04-17
871,753908,897,"Othello, WA",msa,WA,2023-02-28,-0.2,-0.3,1.7,2024-04-18,2024-04-18
872,394659,898,"Guymon, OK",msa,OK,2023-02-28,0.5,0.4,-0.3,2024-04-19,2024-04-19
873,395135,901,"Storm Lake, IA",msa,IA,2023-02-28,0.2,0.3,0.1,2024-04-20,2024-04-20
874,394965,902,"Parsons, KS",msa,KS,2023-02-28,-0.1,0.7,6.6,2024-04-21,2024-04-21
875,394805,904,"Los Alamos, NM",msa,NM,2023-02-28,0.7,1.1,2.1,2024-04-22,2024-04-22
876,394330,906,"Andrews, TX",msa,TX,2023-02-28,0.7,0.3,-1.7,2024-04-23,2024-04-23
877,394996,907,"Portales, NM",msa,NM,2023-02-28,0.3,-0.3,-2.2,2024-04-24,2024-04-24
878,753880,908,"Fairfield, IA",msa,IA,2023-02-28,0.2,0.5,-0.1,2024-04-25,2024-04-25
879,394678,909,"Hereford, TX",msa,TX,2023-02-28,1.2,1,2.9,2024-04-26,2024-04-26
880,395112,910,"Spirit Lake, IA",msa,IA,2023-02-28,-0.7,-1.6,-2.7,2024-04-27,2024-04-27
881,753925,911,"Vineyard Haven, MA",msa,MA,2023-02-28,0.1,0.4,3.7,2024-04-28,2024-04-28
882,394676,912,"Helena, AR",msa,AR,2023-02-28,2.9,2.7,-1.1,2024-04-29,2024-04-29
883,394841,913,"Maysville, KY",msa,KY,2023-02-28,0.9,0.9,3.1,2024-04-30,2024-04-30
884,753927,915,"Winnemucca, NV",msa,NV,2023-02-28,-0.1,-0.3,-0.2,2024-05-01,2024-05-01
885,395104,916,"Snyder, TX",msa,TX,2023-02-28,0.8,-0.8,-4.4,2024-05-02,2024-05-02
886,394594,917,"Fitzgerald, GA",msa,GA,2023-02-28,-1.1,-1.4,1.1,2024-05-03,2024-05-03
887,394968,918,"Pecos, TX",msa,TX,2023-02-28,4.3,3.9,2.6,2024-05-04,2024-05-04
888,394342,919,"Atchison, KS",msa,KS,2023-02-28,0.9,2.6,11.8,2024-05-05,2024-05-05
889,395111,920,"Spencer, IA",msa,IA,2023-02-28,0.4,0.7,-0.2,2024-05-06,2024-05-06
890,395142,921,"Sweetwater, TX",msa,TX,2023-02-28,1.7,0.3,-1.9,2024-05-07,2024-05-07
891,395186,922,"Vermillion, SD",msa,SD,2023-02-28,0.8,0.9,0.4,2024-05-08,2024-05-08
892,753929,923,"Zapata, TX",msa,TX,2023-02-28,3,1.5,-2.2,2024-05-09,2024-05-09
893,394743,924,"Ketchikan, AK",msa,AK,2023-02-28,-0.1,-0.6,-2.2,2024-05-10,2024-05-10
894,753874,925,"Craig, CO",msa,CO,2023-02-28,0.8,1.4,2.6,2024-05-11,2024-05-11
895,394767,926,"Lamesa, TX",msa,TX,2023-02-28,,1.7,-1.6,2024-05-12,2024-05-12
896,395188,927,"Vernon, TX",msa,TX,2023-02-28,,2.1,1.6,2024-05-13,2024-05-13